text,aspect,polarity,label
They should have called it mascarpone with chocolate chips-good but a far cry from what the name implies.,mascarpone with chocolate chip,conflict,3
We were also seated promptly at the time of our reservation and the service was very quick and professional.,reservation,positive,0
The 'kamasutra' and 'bombay cosmopolitan' are excellent and will have you tipsy in no time.,bombay cosmopolitan,positive,0
"The takeout menu says to keep an eye out for an expanded menu offering more italian dishes, I can't wait!",takeout menu,positive,0
even the wine by the glass was good.,wine by the glass,positive,0
My fish was delicious in an incredible curry sauce.,fish,positive,0
"The staff was accomodating, the food was absolutely delicious and the place is lovely.",food,positive,0
"We have been to this place many times, and always have great food, wine, and service.",food,positive,0
Wine list selection is good and wine-by-the-glass was generously filled to the top.,Wine list selection,positive,0
The food there are sastifying.,food,positive,0
When I lived upstate for a while I would buy freeze the bagels and they would still be better than any else.,bagels,neutral,2
"It is about FOOD and Ambiance, and imagine how dreadful it will be it we only had to listen to an idle engine.",Ambiance,negative,1
"I highly recommend Cafe St. Bart's for their food, the ambience and wonderful service.",food,positive,0
"This place has the best interior I have seen anywhere in the northside of W'burg, and will impress whoever you bring there.",place,positive,0
"Admittedly, this is not the place for gigantic pieces of fish overflowing the plate (and thank goodness, in my opinion) but for simple, elegant sushi there is no better place in New York or anywhere in the US.",fish,neutral,2
"Ambience is delightful, service impeccable.",Ambience,positive,0
"This is the perfect spot for meeting friends, having lunch, dinner, pre-theatre or after-theatre drinks!",dinner,positive,0
It takes forever to get a drink and they almost always forget to bring something (although they dont forget to charge you for it.,drink,neutral,2
"Good food at the restaurant (a bit expensive, but great if you want to impress your date).",food,positive,0
The waitresses are nice--also you can just get counter service sit.,waitresses,positive,0
"After 2 tries by the waiter to take it away (we hadn't even looked at it yet, we had full beers yet to drink), the manager approached and told us they needed the table for people with reservations.",beers,neutral,2
"I am amazed by the poor reviews- I find this place to be standout Italian in an area flooded with Italian- great prices, great atmosphere, good service and a wonderful wine list.",wine list,positive,0
"Everything is excellent, the menu is quite extensive, and you eat with a view on both sides of the city.",view,positive,0
"Quality of food is excellent and price is cheap, stick to pork, fish, chicken, lamb and vegetables.",chicken,positive,0
"So I've never actually been to M proper, but I've had it delivered a few times.",delivered,neutral,2
Check out the secret back room.,secret back room,positive,0
"I've been to this restaurant more than a dozen times and when I'm craving for Pho, Lemon grass chicken or Beef Cube on rice, this is the place to go.",Pho,positive,0
"Yes, they use fancy ingredients, but even fancy ingredients don't make for good pizza unless someone knows how to get the crust right.",ingredients,positive,0
"Although the tables may be closely situated, the candle-light, food-quality and service overcompensate.",candle-light,positive,0
You must have the crabmeat lasagna which is out of this world and the chocolate bread pudding for dessert.,chocolate bread pudding,positive,0
"Small servings for main entree, i had salmon (wasnt impressed) girlfriend had chicken, it was good.",entree,negative,1
"The service is always bad though, don't expect much of anything from your server, and I would not recommend bringing a date here either.",server,negative,1
We actually left hungry and went across the street to Wo Hop at 15 Mott street for some good chinese food.,chinese food,positive,0
The shrimp scampi was excellent and the antipasti were plentiful.,shrimp scampi,positive,0
"Great vibe, lots of people.",vibe,positive,0
"The puke green walls leave a lot to be desired, but the food is very good.",food,positive,0
Get the soup and a nosh (pastrami sandwich) for $8 and you're golden.,nosh (pastrami sandwich),positive,0
The server was really cool and served us our food and drinks with a smile.,server,positive,0
"Even though its good seafood, the prices are too high.",prices,negative,1
"The food is consistently wonderful - I've been coming here for years, and the owner has always been accomodating and friendly.",owner,positive,0
"No dress codes, no attitudes, plenty of comfort companionship, a great place to relax in an always busy Midtown.",attitudes,positive,0
"Service is not exactly five star, but thats not really a big deal.",Service,conflict,3
"The staff is very kind and well trained, they're fast, they are always prompt to jump behind the bar and fix drinks, they know details of every item in the menu and make excelent recomendations.",staff,positive,0
Sauce was watery and the food didn't have much flavor.,flavor,negative,1
"Other guests enjoyed pizza, santa fe chopped salad and fish and chips.",fish and chips,positive,0
"Guacamole+shrimp appetizer was really great, we both had the filet, very good, didn't much like the frites that came with, but the filet was so good, neither of us cared.",frites,negative,1
"night without a reservation, we had to wait at the bar for a little while, but the manager was so nice and made our wait a great experience.",wait,positive,0
The prices are about $9 for an entree for dinner and even less for lunch.,prices,positive,0
We ran a little late for the reservation but it wasn't a problem to get our table immediately.,reservation,neutral,2
good selection of wines ranging from affordable to high end.,selection of wines,positive,0
In reality (to maximize potential diners) they were still taking phone reservations and reallocating tables of those waiting in the lobby.,diners,neutral,2
"The food was below average, the service was pathetic, there was no ambience at all.",ambience,negative,1
Food was average but tasty.,Food,positive,0
This place is a great stop for great food.,food,positive,0
Cornelia Street looks like a Broadway set for West Side Story and the inside of Po is so cool quaint you really can't top the setting for a romantic dinner in NYC.,dinner,positive,0
This isn't your corner Chinese food takeout.,Chinese food,neutral,2
"Odd for Ave B, not just odd, The place attracts an eclectic crowd to say the least.",place,positive,0
"Solid wine list, knowledgeable staff, friendly owners and an adventurous, ever-changing menu keep us coming back.",staff,positive,0
We ate at this Thai place following the reviews but very unhappy with the foods.,foods,negative,1
"Stay away from the two specialty rolls on the menu, though- too much avocado and rice will fill you up right quick.",menu,neutral,2
"An oasis of refinement:  Food, though somewhat uneven, often reaches the pinnacles of new American fine cuisine - chef's passion (and kitchen's precise execution) is most evident in the fish dishes and soups.",kitchen,positive,0
"The porcini mushroom pasta special was tasteless, so was the seafood tagliatelle.",porcini mushroom pasta special,negative,1
"But don't ever order bacon late at nite (either platter or in sandwiches, for that matter don't from any take out place) as it is from the morning frying turns out hard almost like bacos, hurt my molars.",bacon,negative,1
"We were still sitting at the bar while we drank the sangria, but facing away from the bar when we turned back around, the $2 was gone the people next to us said the bartender took it.",bar,neutral,2
"Great service, great food.",food,positive,0
The restaurant is a bit noisy but that is something that can be overlooked once you sit down and enjoy a great meal,meal,positive,0
"(food was delivered by a busboy, not waiter) We got no cheese offered for the pasta, our water and wine glasses remained EMPTY our entire meal, when we would have easily spent another $20 on wine.",waiter,negative,1
"Where tanks in other Chinatown restaurants display a lurking myriad of sad-looking marine life in their murky waters, the tanks at Ping's are clear as glass with healthy-looking creatures who do not yet know that they will be part of some dim sum lover's brunch.",tanks,positive,0
"The combination of fresh tomato sauce, fresh mozz cheese, basil and the dough they make with imported flour, makes this is one of the better pizza's in NY.",fresh mozz cheese,positive,0
"Service was decent, but not as smooth as I would expect from a place with these prices and reputation.",prices,negative,1
Wouldn't recomend it for dinner!,dinner,negative,1
"I had the cod with paella (spicy and very filling, I'm a big eater and could only eat half) while my boyfriend had the classic fish and chips (again, a big serving - at least 5 pieces of fish and a basketful of fries).",fish and chips,negative,1
"Food is average, and I would say even the chain restaurant Baluchi's tastes better.",Food,neutral,2
"Just because it's cheap does NOT mean the portions are small or the food is nasty, IT IS GREAT!",portions,positive,0
"The pizza is delicious - they use fresh mozzarella instead of the cheap, frozen, shredded cheese common to most pizzaria's.",pizza,positive,0
"I recommend the garlic shrimp, okra (bindi), and anything with lamb.",okra (bindi),positive,0
"While certain staples are excellent (the burger, some of the pastas), the food is not really the point.",food,neutral,2
"Otherwise, this place has great service and prices and a nice friendly atmosphere.",prices,positive,0
I was very impressed by this low-key upper eastsider and their authentically thai cuisine!!!,thai cuisine,positive,0
"The crispy chicken wasn't for us, though.",crispy chicken,negative,1
"Normally that would be improper, however they were all delicious and my host did not complain.",host,neutral,2
The service was attentive without being overbearing and each dish we tried was wonderful from the spring rolls to the cod with pineapple tempura.,spring rolls,positive,0
"Drinks got screwed up, she acted put upon.",Drinks,negative,1
The service is good and the resturant is clean.,service,positive,0
"The staff is accomodating, the ambiance is exciting and yet relaxed, and the food is out of this world!",food,positive,0
"The space is a bit too small for live music, so on  jazz nights, it can be loud and cramped.",space,negative,1
"First, the waiter who served us neglected to fill us in on the specials, which I would have chosen had I known about them.",specials,positive,0
"The man that was hosting promised to save a table for our party of 7, then sat a party of 2 at the very table he was saving (mean while there were boths open all around).",table,negative,1
"The staff makes you feel at home, the food is great and the atmosphere is WONDERFUL!",food,positive,0
"Stay away from the two specialty rolls on the menu, though- too much avocado and rice will fill you up right quick.",rice,negative,1
THE FOOD PORTIONS ARE REALLY LARGE.,FOOD PORTIONS,positive,0
I recommend the meatballs and caprese salad and the beans on toast were a wonderful start to the meal!,meal,neutral,2
"While they keep the capex to a minimum, they do put some cash into the bagels, because they among the best in the city.",bagels,neutral,2
The food has been consistant for years and it never lets you down.,food,positive,0
The food was good.,food,positive,0
Service and food is what any one would expect when spending that type of money.,food,neutral,2
"If you want a casual neighborhood bistro that has great food and excellent service, this is the place.",service,positive,0
We were seated and ignored by waitstaff.,waitstaff,negative,1
I had very high expectations for this place and made a reservation a couple of months in advance for a special occasion.,reservation,neutral,2
"He not only makes his own homemade mozzarella, but every pie is ultra fresh.",mozzarella,positive,0
The food is reliable and the price is moderate.,price,neutral,2
We were fans of the half-price Saturday night option until some inedible squid during a recent visit.,half-price Saturday night option,positive,0
Never in my life did I think that I could be satisfied both in taste and in quantity for $3.00 in NYC.,taste,positive,0
"not the food ,not the ambiance , not the service, I agree with the previous reviews you wait and wait , the wait staff are very rude and when you get in they are looking to get you right out .",food,neutral,2
"The portions are now very small, the sauces are overly-ambitious usually inedible while the service is still good, the restaurant, due to its popularity, seems frantic.",portions,negative,1
"We didn't even see a menu, as our waiter described both the specials and the main dishes.",main dishes,neutral,2
There is actually space to breathe and the decor sets the tone for an intimate dinner.,space,positive,0
"The menu may be small, but everything on it is delicious.",menu,negative,1
"All the money went into the interior decoration, none of it went to the chefs.",chefs,negative,1
The menu prices are a bit expensive for what you get in quality and portion size.,portion size,negative,1
"both are very reasonably priced (around $8 for dinner and $5 for lunch), and are delicious and filling.",lunch,positive,0
"Over the years the host, Vittorio, and his crew, have always treated me as family--although with all the business this not-so-little gem does, it amazing he's even able to remember a consistent but not-so-frequent visitor.",crew,positive,0
"Food was average and creme brulee was awful - the sugar was charred, not caramelized and smelled of kerosene.",sugar,negative,1
The rice to fish ration was also good--they didn't try to overpack the rice.,rice,positive,0
"The food is mostly made from scratch, fresh and well prepared.",food,positive,0
I particularly love their yellowfun tuna and their mussel selection.,yellowfun tuna,positive,0
"All I can say is $2 pints during happy hour and the some of the cheapest oysters you'll find in the city, though the quality is some of the best.",quality,positive,0
Decor is nice though service can be spotty.,Decor,positive,0
We were in search of food and stumbled on this block of Indian restaurants on East Sixth Street.,food,neutral,2
"While the place is not a hotspot hangout, the drinks are unique and pack a lot of bang for the buck.",drinks,positive,0
Scalina Fedeli reminded me why service is so integral to fine dining.,dining,positive,0
The price is reasonable although the service is poor.,price,positive,0
"After we got our sashimi order, I could not believe how small the portions were!",portions,negative,1
Prices are higher to dine in and their chicken tikka marsala is quite good.,chicken tikka marsala,positive,0
"Furthermore, the rice had no seasoning, so the sushi was bland and disgusting.",sushi,negative,1
"The portion sizes here are huge, and the sushi is good.",sushi,positive,0
The pizza was really good.,pizza,positive,0
The food always tastes fresh and served promptly.,food,positive,0
I went there in late afternoon for some bite size food and refleshment with my date.,refleshment,neutral,2
"Delicious food, excellent service, and a pretty atmosphere make this a great choice for dinner and the $5.99 lunch buffet makes it an even better choice for lunch!",service,positive,0
"Friendly and informative staff, very attentive and prompt raw bar service.",staff,positive,0
They offer the same menu but have creative drinks that are loaded with alcohol and cheeky names -- but they do cost you.,drinks,positive,0
"The portions are HUGE, so it might be good to order three things to split (rather than one appetizer and entree per person) for two people.",portions,positive,0
"my picks: Guizhou chicken, fish with hot bean source, fish fillet in spicy source (special menu).",fish with hot bean source,positive,0
"If you're craving for Haru's great food, especially the House Roll, but can't stand the wait building outisde, head across the street to their Sake Bar!",food,positive,0
"Delicious food, excellent service, and a pretty atmosphere make this a great choice for dinner and the $5.99 lunch buffet makes it an even better choice for lunch!",atmosphere,positive,0
"The anti-pasta was excellent, especially the calamari, as were the filling pasta mains.",anti-pasta,positive,0
The service was fast and friendly and the food was very tasty and they had the best hot sauce to add to your meals.,hot sauce,positive,0
"Great service, great food.",service,positive,0
"I would not have been so disappointed with the portions if the qualities were good enough to make up for it, but they were not!",portions,negative,1
The fish is fresh and each piece is sliced to perfection and seasoned by the sushi chef (usually with a little fresh wasabi and soy sauce but also sometimes with some sea salt).,fish,positive,0
"The flavors are great, and the menu is extensive.",flavors,positive,0
The menu seemed to have a wide variety of dishes for seafood lovers and interesting ways of preparing them.,variety of dishes,positive,0
"Great food (spinach and corn dumplings and massamman curry), very friendly and no nonsense service and a clean and funky bathroom.",bathroom,positive,0
Nicky the Nose at the bar is a treat.,bar,neutral,2
Other apetizers and food,food,neutral,2
"We a menu that rearely changes,e xcept for one or two specials, the quality and care they put in thier food in evident.",specials,neutral,2
The octopus eaters were floored by the Octopus salad.,Octopus salad,positive,0
"When you want a piece of beef, head on over.",beef,positive,0
We were disappointed with the pre-fixe menu of only 2 choices per course (other restaurants offer 3 choices) and ended up ordering a la carte.,ordering a la carte,negative,1
kalbi and nebbiolo do work together.,kalbi,neutral,2
"Great food, good size menu, great service and an unpretensious setting.",food,positive,0
"Complimentary stuff kept coming, and when the waiter saw me opening a gift, I received my dessert on a plate that had Happy Birthday written on it, with a candlevery nice touch, and attentive staff.",dessert,positive,0
"We are very particular about sushi and were both please with every choice which included: ceviche mix (special), crab dumplings, assorted sashimi, sushi and rolls, two types of sake, and the banana tempura.",crab dumplings,positive,0
"Behind this counter, two men are squeezed in.",counter,negative,1
"When family came in he gave them apps to test their palets, and then ordered for them.",apps,neutral,2
Spreads and toppings are great - though a bit pricey.,Spreads,positive,0
"The bread and lamb chops I had before the meal were quite good, however.",meal,neutral,2
"The place wasn't too hard to find, but it was kind of packed, as soon as my boyfriend and I got our food, the line reached the door.",place,conflict,3
"Overall the restaurant is more expensive than our other sushi favorites, but everything was delicious.",sushi,neutral,2
"For authentic Thai food, look no further than Toons.",Thai food,positive,0
The staff was too busy ordering sushi for dinner and then laying it out to eat on the bar to even bring me my check.,dinner,neutral,2
The strong scents coming from the left and right of me negatively affected my taste buds.,scents,negative,1
The atmosphere is great!!!,atmosphere,positive,0
then we ordered a dinosaur rolls and white tuna sashimi.,dinosaur rolls,neutral,2
"The atmosphere isn't the greatest , but I suppose that's how they keep the prices down .",atmosphere,neutral,2
"Don't go alone---even two people isn't enough for the whole experience, with pickles and a selection of meats and seafoods.",selection of meats and seafoods,positive,0
Their Margarita is best I've had since I've returned from Naples!,Margarita,positive,0
The sangria was pretty tasty and good on a hot muggy day.,sangria,positive,0
The plain pizza was soggy and the creative wild mushroom(third generation-Fornini) pizza we had was drenched with truffle oil in the middle( again making it soggy) and nothingon the rest.,wild mushroom(third generation-Fornini) pizza,positive,0
"Nice atmosphere, the service was very pleasant and the desert was good.",desert,positive,0
"Where tanks in other Chinatown restaurants display a lurking myriad of sad-looking marine life in their murky waters, the tanks at Ping's are clear as glass with healthy-looking creatures who do not yet know that they will be part of some dim sum lover's brunch.",brunch,neutral,2
"Great friendly service, Fast seating, Fast Delivery, Excellent sushi.",Delivery,positive,0
If you have a dumpling fetish i suggest you try some here!,dumpling,positive,0
"Other guests enjoyed pizza, santa fe chopped salad and fish and chips.",santa fe chopped salad,positive,0
"The menu changed, portions were even smaller than before, a lentil dish was salty beyond edibility, a basmati rice dish lacked flavor.",flavor,negative,1
Cozy romantic atomosphere with only around 15 tables at most.,tables,positive,0
We had a great tiem watching the shows and characters and ar food was just what we were looking for.,food,positive,0
"Unfortunately, the food was NOT something to get worked up about.",food,negative,1
We go on Mondays for the prix fixe and our experience with the food has been comparable to Blue Ribbon.,prix fixe,neutral,2
And their prices are very high - they actually think that they can get away with charging such prices for such terrible food and service!,service,negative,1
"Its location is good and the fact that Hutner College is near and their prices are very reasonable, makes students go back to Suan again and again.",prices,positive,0
"The place is small and intimate and you may feel a little crowded, but the service is excellent and it's great for friends out, a romantic date, or a special occassion.",service,positive,0
"While this can hardly be called a restaurant, it is possibly the best deal in Manhatten: $4 for a plate heaped with rice and 2-3 entrees.",rice,positive,0
Been going here since it opened have seen the quality value decrease considerably.,quality value,negative,1
I was here a few weeks back and we had the worst customer service experience at a restaurant ever.,customer service,negative,1
"$160 for 2 filets, 2 sides, an appetizer and drinks.",appetizer,neutral,2
"The food is consistently wonderful - I've been coming here for years, and the owner has always been accomodating and friendly.",food,positive,0
One of the earlier people commenting on the restaurant did not get the that some experimenting is going on with the menu in a positive way.,menu,positive,0
"Food was very good as well, considering that we tried the budget selection (though I wish the pork belly that I ordered was roasted a bit longer, so that fat was more of a melt-in-your-mouth experience).",pork belly,negative,1
(and I have eaten my share) Which impresses me for having such a large amount of people to serve.,serve,positive,0
"both are very reasonably priced (around $8 for dinner and $5 for lunch), and are delicious and filling.",dinner,positive,0
The wine and cheese plate are plentiful and can't wait to try the fondue or table grilling.,fondue,positive,0
"We didn't even see a menu, as our waiter described both the specials and the main dishes.",menu,neutral,2
And their prices are very high - they actually think that they can get away with charging such prices for such terrible food and service!,prices,negative,1
Try the cheesecake!,cheesecake,positive,0
The soup is pretty good too.,soup,positive,0
"Service was slow, but the people were friendly.",people,positive,0
"And the staff is also young, energeic and hot!!!!",staff,positive,0
"If your visiting, you'll enjoy the ambiance and the fact that it's in Time Sq...",ambiance,positive,0
Why do people rave about the ambience.,ambience,negative,1
Service is highly refined: our seating was delayed 35 minutes past our reservation and the maitre d' apologized and regularly kept us apprised of progress.,maitre,positive,0
"The Pad thai, lad nar and various other dishes all look good on paper but, I've had better thai food in less asthetically pleasing places.",dishes,conflict,3
"We all had the tasting menu and unlike some of the other reviews, I felt there was more than enough food.",food,positive,0
Make sure you have the Spicy Scallop roll.. .,Spicy Scallop roll,positive,0
"We were still sitting at the bar while we drank the sangria, but facing away from the bar when we turned back around, the $2 was gone the people next to us said the bartender took it.",bartender,negative,1
"Interesting selection, good wines, service fine, fun decor.",decor,positive,0
For those prices and the dressed up atmosphere you expect more and should get more.,atmosphere,negative,1
"A cool bar with great food, and tons of excellent beer.",food,positive,0
The service was ok.,service,neutral,2
The food is great and they have a good selecion of wines at reasonable prices.,food,positive,0
Great atmoshere and worth every bit.,atmoshere,positive,0
"Not only was the food outstanding, but the little 'perks' were great.",food,positive,0
"I ordered tamarind duck and my wife ordered noodles with ground beef, and we were both delighted by the way the dishes evoked Thai flavors in unexpected ways.",tamarind duck,positive,0
The cream cheeses are out of this world and I love that coffee!!,coffee,positive,0
"The chicken parm was edible but had canned tomato sauce and boxed pasta and the chicken with portobello mushrooms consisted of dry, inedible chicken with terrible sauce.",pasta,negative,1
"From the appetizers we ate, the dim sum and other variety of foods, it was impossible to criticize the food.",dim sum,positive,0
Its an excellent place to relax and the food is one of the best in the city of New York.,place,positive,0
"at taj, vegetarians can rejoice-all the dishes are manna from heaven.",dishes,positive,0
"the food was undercooked-the sauce watery, and the vegetables raw.",sauce,negative,1
"The blond wood decor is very soothing, the premium sake is excellent and the service is great.",blond wood decor,positive,0
I went with 5 friends and we lingered at the table for a bit and didn't feel rushed at all even though there was a wait.,wait,negative,1
"Late nite omelletes are not good here, there is no variety!",omelletes,negative,1
"The staff makes you feel at home, the food is great and the atmosphere is WONDERFUL!",staff,positive,0
"we did notice however, that some tables had what looked like pita instead of naan.",pita,negative,1
"If you love seafood, you would love this place!",seafood,positive,0
We had the pot-stickers which were great and a tempura dish that was great.,tempura dish,positive,0
"not only does make the best pizza in NY , maybe anywhere.",pizza,positive,0
"Immediately after we paid, the waiter took the money and said, okay, you guys are outta here.",waiter,negative,1
$20 for all you can eat sushi cannot be beaten.,sushi,neutral,2
Try the chocolate mud cake (warmed) with 2 scoops of dulce de leche gelato.,chocolate mud cake (warmed),positive,0
In reality (to maximize potential diners) they were still taking phone reservations and reallocating tables of those waiting in the lobby.,waiting,negative,1
My steak au poivre was one of the worst I've had.,steak au poivre,negative,1
"Oh yes, and they lie on the phone, claiming they have seating in the garden, then of course the seats are not available.",seating in the garden,neutral,2
"Other than being a little crowded and a bit overpriced, the atmosphere is filled with energy (and the beautiful people of course) and the food was surprising good!",food,positive,0
We ordered a tuna melt - it came with out cheese which just made it a tuna sandwich.,tuna melt,negative,1
"Good, because hey, it's more food, but bad because dim sum is supposed to be smaller portions so you can try out more dishes and smaller so that each dish is cheap.",dishes,neutral,2
"We made early dinner reservations and were thoroughly impressed, reminds me of my grandfather, its old school Italian scenery with lots of fun stuff to admire.",scenery,positive,0
Consistently good Japanese Tapas.,Japanese Tapas,positive,0
"Also, don't plan on asking for your favorite roll, if it's not on the menu, you can't have it.",menu,negative,1
The menu is very limited - i think we counted 4 or 5 entrees.,entrees,negative,1
I have lived in Japan for 7 years and the taste of the food and the feel of the restaurant is like being back in Japan.,taste,positive,0
"If you like the food and the value you get from some of Chinatown restaurants, this is not the place for you.",value,neutral,2
"Forget the rush and the wait and the noise (which isn't actually that bad), I mean please, who goes to a steakhouse to be coddled and romantic?",noise,conflict,3
"I had the salmon dish and while it was fine, for the price paid, I expected it to have some type of flavor.",salmon dish,conflict,3
The plain pizza was soggy and the creative wild mushroom(third generation-Fornini) pizza we had was drenched with truffle oil in the middle( again making it soggy) and nothingon the rest.,plain pizza,negative,1
"If you love wine and cheese and delicious french fare, you'll love Artisanal!",wine,positive,0
Service was good and food is wonderful.,Service,positive,0
The shrimp scampi was excellent and the antipasti were plentiful.,antipasti,positive,0
"My turkey burger was not cooked at all, my friends salmon was completely raw.",salmon,negative,1
This is definitely an  excellent date spot because of the ambiance and on the weekends the  night scene is more than alive.,night scene,positive,0
"That is a problem since we paid about 20 bucks a dish, and had to order 5 dishes to get a decent taste.",dishes,negative,1
I cannot imagine a friendlier staff working in a restaurant.,staff,positive,0
"Other guests enjoyed pizza, santa fe chopped salad and fish and chips.",pizza,positive,0
Patroon features a nice cigar bar and has great staff.,staff,positive,0
Went to Ottimo and was expecting outstanding pizza (as I love La Pizza Fresca).,pizza,neutral,2
I've had to wait only a few times during lunch but this place is definitely worth the wait.,wait,positive,0
"Though you will undoubtedly be seated at a table with what seems like barely enough room (no matter what the size of your party), the warm atomosphere is worth the cramped quarters- you'll have fun and forgot about the tight spot you're in.",atomosphere,positive,0
Their tuna tartar appetizer is to die for.,tuna tartar appetizer,positive,0
The sake menu should not be overlooked!,sake menu,positive,0
"You order from a menu, so you leave feeling like you missed the full experience.",menu,negative,1
"The dishes offered were unique, very tasty and fresh from the lamb sausages, sardines with biscuits, large whole shrimp to the amazing pistachio ice cream (the best and freshest I've ever had).",lamb sausages,positive,0
The fillings may be unconventional but the dosa batter is definitely authentic and the combinations very tasty.,dosa batter,positive,0
The sushi is also great!,sushi,positive,0
"Despite a slightly limited menu, everything prepared is done to perfection, ultra fresh and a work of food art.",food art,positive,0
"Whether it's the parmesean porcini souffle or the lamb glazed with balsamic vinegar, you will surely be transported to Northern Italy with one bite.",lamb glazed with balsamic vinegar,positive,0
I ate here a week ago and found most dishes average at best and too expensive.,dishes,negative,1
Our agreed favorite is the orrechiete with sausage and chicken (usually the waiters are kind enough to split the dish in half so you get to sample both meats).,dish,neutral,2
Their coffee is quite good too!,coffee,positive,0
"An oasis of refinement:  Food, though somewhat uneven, often reaches the pinnacles of new American fine cuisine - chef's passion (and kitchen's precise execution) is most evident in the fish dishes and soups.",soups,positive,0
"They forgot a sandwich, didn't include plastic forks, and didn't include pita with the hummus platter.",plastic forks,neutral,2
Killer Sushi!,Sushi,positive,0
It took them 15 minutes to put water in our glasses.,water,neutral,2
"Great food at REASONABLE prices, makes for an evening that can't be beat!",food,positive,0
"While this isn't classical restaurant fare, the chef has given new life to an old cuisine with some really innovative and tasty dishes that are genuinely Indian without being heavy or same old restaurant burn-outs.",chef,positive,0
"In addition, the food is very good and the prices are reasonable.",food,positive,0
"Just don't take the seat between the bar and the back half of the restaurant, i saw a woman get nudged 40times sitting there.",bar,neutral,2
"We are very particular about sushi and were both please with every choice which included: ceviche mix (special), crab dumplings, assorted sashimi, sushi and rolls, two types of sake, and the banana tempura.",rolls,positive,0
A Thai restaurant out of rice during dinner?,dinner,neutral,2
They have authentic Indian at amazin prices.,prices,positive,0
There is actually space to breathe and the decor sets the tone for an intimate dinner.,dinner,neutral,2
"From the terrible service, to the bland food, not to mention the unaccommodating managers, the overall experience was horrible.",service,negative,1
"The atmosphere is unheralded, the service impecible, and the food magnificant.",service,positive,0
"The food is very good for it's price, better than most fried dumplings I've had.",price,positive,0
"They forgot a sandwich, didn't include plastic forks, and didn't include pita with the hummus platter.",sandwich,neutral,2
"The place is larger than most and features adequate seating unlike most joints, and has a bar which deserves a mention.",place,positive,0
Prices are higher to dine in and their chicken tikka marsala is quite good.,Prices,negative,1
"While this isn't classical restaurant fare, the chef has given new life to an old cuisine with some really innovative and tasty dishes that are genuinely Indian without being heavy or same old restaurant burn-outs.",Indian,positive,0
"The menu changed, portions were even smaller than before, a lentil dish was salty beyond edibility, a basmati rice dish lacked flavor.",portions,negative,1
"We started with lox and mussels (the best ive ever had, ever) and had the cod and trout for dinner.",cod,neutral,2
"Warm, comfortable surroundings, nice appointments (witness the etched glass and brickwork separating the dining rooms).",surroundings,positive,0
"The wait here is long for dim sum, but if you don't like sharing tables or if the typical raucous dim sum atmosphere is not your gig, this is a sleek (for Chinatown) alternative.",dim sum,neutral,2
It is kinda nosiy and the tables are close together but it's still a beautiful place to enjoy a nice dinner.,dinner,positive,0
Try the spicy wontons and the salt pepper shrimps.,salt pepper shrimps,positive,0
"Because of the delicate thin crust, take-out pies get soggy in their boxes.",crust,negative,1
"And, atlhough tables opened up next to us and we ASKED for a slightly larger space, they left us awkardly seated.",space,neutral,2
If you like your music blasted and the system isnt that great and if you want to pay at least 100 dollar bottle minimun then you'll love it here.,music,negative,1
"Well, their deliveries take for ever and the food is usually cold.",food,negative,1
The sweet lassi was excellent as was the lamb chettinad and the garlic naan but the rasamalai was forgettable.,garlic naan,positive,0
The sauce on the pizza is sooo good with garlic and fresh tomatoes and they don't skimp.,fresh tomatoes,positive,0
Not impressed with the food.,food,negative,1
"And, atlhough tables opened up next to us and we ASKED for a slightly larger space, they left us awkardly seated.",tables,neutral,2
We were well attended to by the enthusiastic staff especially the manager Tony Gaskin who made excellent suggestions for our menu selections.,staff,positive,0
"The view is spectacular, and the food is great.",food,positive,0
"Went on a 3 day oyster binge, with Fish bringing up the closing, and I am so glad this was the place it O trip ended, because it was so great!",Fish,neutral,2
"The last two times I ordered from here my food was soo spicy that  I could barely eat it, and the spice took away from the flavor of the dish.",spice,negative,1
"The seating was if they were trying to get the maximum amount of people into the restaurant, so be nice to your neighbor when you dine here.",seating,negative,1
Okay service.,service,neutral,2
"The main course had an average portion, and was decent overall.",portion,neutral,2
"Each table has a pot of boiling water sunken into its surface, and you get platters of thin sliced meats, various vegetables, and rice and glass noodles.",glass noodles,neutral,2
"We had great desserts (including the best cannoli I've ever had) and then they offered an after dinner drink, on the house.",cannoli,positive,0
The soup for the udon was soy sauce and water.,soup for the udon,negative,1
"The combination of fresh tomato sauce, fresh mozz cheese, basil and the dough they make with imported flour, makes this is one of the better pizza's in NY.",fresh tomato sauce,positive,0
When we were finally seated our waitress came by twice-1 for our order and 2-for our check.,waitress,negative,1
"my personal favorite is an everything bagel with lox spread, but all the bagles are unbeliavably good.",bagel with lox spread,positive,0
"otherwise, good stuff for late nite eats.",stuff,positive,0
This is my first time writing a review for a restaurant because the food and service was excellent.,food,positive,0
"Overall I was impressed and will return, it's a great QPR (Quality to Price Ratio).",Quality,positive,0
"Also, if you don't want to sit at a certain table, you don't have to!",table,positive,0
All the pastas are fantastic and the homemade lasagna is some of the best that I have had in the City.,pastas,positive,0
The selection changes frequently but the basic dishes are always available.,selection,neutral,2
also make sure you pay attention to the music being piped in - quite a weird selection.,music,neutral,2
Our friendly server made great food suggestions and also sent both the sommelier and the fromager to the table to help suggest different pairings for wine and cheese.,food suggestions,positive,0
Both the fresh mozzerella slices and the Plain Cheese slice are phenomenal.,Plain Cheese slice,positive,0
This place would be so much better served by being run by a group that actually understands customer service.,served,negative,1
"The chicken pot pie is excpetiona, the cheeseburger huge and delictable, and the service professional wan warm.",The chicken pot pie,positive,0
We left after one drink.,drink,neutral,2
"Butter was melted, white wine warm, cheese oozing everywhere.",cheese,negative,1
"The Pastrami sandwich was like buttah and with pickles and an icy cold beer to wash it down, it was a pleasurable experience.",pickles,positive,0
Very good wine choices.,wine choices,positive,0
"Upon entering, we were greeted by the owners, Steven and Frederick, who went out of their way to be more than gracious hosts.",owners,positive,0
He has visited Thailand and is quite expert on the cuisine.,cuisine,positive,0
The appetizing is excellent - just as good as Zabars Barney Greengrass at a reasonable price (if bought by the pound).,price,positive,0
"Still, try it once, since if you end up loving the food, it could be one of your best dining experiences.",food,neutral,2
Salads are a delicious way to begin the meal.,meal,positive,0
"Only wine and beer are served, but the house varities are actually quite good.",house varities,positive,0
Our tiny table for two (dinner plates hung over edge) was right in the middle of one of the lanes of waiter traffic.,dinner plates,negative,1
"Excellent atmosphere, delicious dishes good and friendly service.",service,positive,0
"Solid wine list, knowledgeable staff, friendly owners and an adventurous, ever-changing menu keep us coming back.",owners,positive,0
"I've eaten thai many times, and am very familiar with the cuisine.",cuisine,neutral,2
"Haru serves very fresh fish, has a trendy, modern ambiance, prime location on Park Avenue South and friendly service.",location,positive,0
The fried rice is amazing here.,fried rice,positive,0
"But for whatever reason, prices are about twice as high.",prices,negative,1
"Great friendly service, Fast seating, Fast Delivery, Excellent sushi.",service,positive,0
"Meat dishes now adorn the selections, although there's still a large number of vegetarian-friendly choices.",Meat dishes,neutral,2
"Besides, when you have bad service, that's less money you have to tip.",money,negative,1
THe Pizza and wine were excellent-the service too--but what really MADE this place was the backyard dining area.,service,positive,0
honestly the worst sushi my husband and i had in our entire lives.,sushi,negative,1
Winnie and her staff are the best crew you can find serving you.,serving,positive,0
"Check it out, it won't hurt your stomach or your wallet.",stomach,positive,0
Fish was overdone.,Fish,negative,1
"Meanwhile, the bartender continued to pour champagne from his reserve after we had finished our bottle and we enjoyed an amuse of turnip soup with pureed basil, gratis.",turnip soup with pureed basil,positive,0
"Great roofdeck, nice group of 30 somethings, but no music, kind of quiet.",music,negative,1
The filet mignon dish was superb!,filet mignon dish,positive,0
"The flavors are very fresh and pretty inobtrusive, nothing flashy.",flavors,positive,0
The workers there also absolutely load the bagel with cream cheese (gets a little messy).,workers,neutral,2
"Barbecued codfish was gorgeously moist - as if poached - yet the fabulous texture was let down by curiously bland seasoning - a spice rub might have overwhelmed, however herb mix or other sauce would have done much to enhance.",herb mix,negative,1
"Their bagels are fine, but they are a little overcooked, and not really a 'special' bagel experience.",bagel,neutral,2
"Fluke sashimi drizzled with jalapeno-lime olive oil, the fruit of the oil nicely highlighting the fish's sweetness.",fish,positive,0
The zucchini and mashed potatoes are a blend of garlic and butter which simply melts in your mouth.,zucchini,positive,0
"The food is fresh, delicious, and reasonably priced.",food,positive,0
"The staff was accomodating, the food was absolutely delicious and the place is lovely.",place,positive,0
The service is fine and they allow you to enjoy the view.,service,positive,0
"However, in the summer of 2003, it seems the management has changed and the great big door has been replaced for a glass front ridding itself of the dark romantic getup.",door,positive,0
No one asked what was wrong as we left with nothing touched on our plates.,plates,neutral,2
"For great chinese food nearby, you have Wu Liang Ye and Grand Sichuan just a block away.",chinese food,positive,0
Service was very good and warm.,Service,positive,0
"My entree of hot pot with seafood was full of imitation crabmeat with a couple pieces of shrimp and squid, and was unnecessarily heated with a burner.",entree,positive,0
The bar is very well stocked with interesting beers and well priced wines.,bar,positive,0
"Yes, they use fancy ingredients, but even fancy ingredients don't make for good pizza unless someone knows how to get the crust right.",crust,neutral,2
The entire place and the treatment we received felt as a conveyor belt.,place,negative,1
"The service is friendly, if not the most prompt in the world, the food is great, and the prices, while not cheap, won't put your wallet out of commission.",service,positive,0
"Don't go alone---even two people isn't enough for the whole experience, with pickles and a selection of meats and seafoods.",pickles,positive,0
Pastrami or corned beef are juicy and piled high (ask for extra rye bread).,Pastrami or corned beef,positive,0
"The vibe is very relaxed and cozy, service was great and the food was excellent!",food,positive,0
"Despite a slightly limited menu, everything prepared is done to perfection, ultra fresh and a work of food art.",menu,negative,1
people are rude bit again it's new york!,people,negative,1
"The prices cannot be beat for the quality, quantity, freshness and taste.",quantity,positive,0
"The corned beef and pastrami are excellent, much less fatty than those big tourist places around Times Square.",pastrami,positive,0
"We started with lox and mussels (the best ive ever had, ever) and had the cod and trout for dinner.",dinner,neutral,2
Instead of wasting your time here: SUPPORT RESTAURANTS THAT CARE ABOUT FOOD.,FOOD,neutral,2
"The palak paneer was standard, and I was not a fan of the malai kofta.",malai kofta,neutral,2
"Only complaint would be that at an average cost of $12-$15 per meal, I'd like not to have to worry about finding a seat!",meal,neutral,2
"The ambience is pretty and nice for conversation, so a casual lunch here would probably be best.",lunch,positive,0
They don't seem to place an emphasis on specials or fresh ingredients which to me is necessary for good thai.,thai,neutral,2
"try the spicy shrimp appetizer (again, not the greatest value in the world but worth the price) and the lamb vindaloo is great.",lamb vindaloo,positive,0
The flavors robust and subtle.,flavors,positive,0
Truly the mark of an attentive waiter.,waiter,positive,0
I care more about the food and ambience.,ambience,neutral,2
And I say snacking because it really is not set up to be a proper dinner.,dinner,negative,1
"Decent Thai food in cute - though a bit dank - little Nolita hangout, BUT service terrible.",Thai food,positive,0
"The service was a bit slow, but they were very friendly.",service,negative,1
The place is a BISTRO which means: simple dishes and wine served efficiently in a bustling atmosphere.,place,positive,0
"Complimentary stuff kept coming, and when the waiter saw me opening a gift, I received my dessert on a plate that had Happy Birthday written on it, with a candlevery nice touch, and attentive staff.",stuff,positive,0
I had Lobster Bisque it has 2 oz. of Maine Lobster in it.,Lobster Bisque,positive,0
"The service was bad, the food took to forever to come, we sat on the upper level.",service,negative,1
The rest of the menu is limited by everything is good eats.,menu,conflict,3
All of the pizzas are terrific and the price is even better!,pizzas,positive,0
"We have never had any problems with charging the meal or the tip, and the food was delivered quickly, but we live only a few minutes walk from them.",tip,positive,0
Cornelia Street looks like a Broadway set for West Side Story and the inside of Po is so cool quaint you really can't top the setting for a romantic dinner in NYC.,setting,positive,0
"Overall, the best bagel in town.",bagel,positive,0
The food is usually good but it certainly isn't a relaxing place to go.,place,negative,1
"But don't ever order bacon late at nite (either platter or in sandwiches, for that matter don't from any take out place) as it is from the morning frying turns out hard almost like bacos, hurt my molars.",platter,negative,1
The setting is casual and romantic.,setting,positive,0
Deep Fried Skewers are good and still rare to find in NYC.,Deep Fried Skewers,positive,0
This is a consistently great place to dine for lunch or dinner.,dinner,neutral,2
Coming from Boston this place is like Emma's Pizza in Kendall Square in Cambridge (although they have more funky toppings!),toppings,positive,0
"We love the food, drinks, and atmosphere!",atmosphere,positive,0
"Only drawback - they won't toast your bagel, and they don't make eggs for the bagel.",bagel,negative,1
The main downside to the place is the nazi-like guy running it who constantly complains about the noise level.,guy,negative,1
"Delicate spices, onions, eggs and a kick-ass roti.",roti,positive,0
"Oh, but wait, we were out of drinks (which were also delightfully overpriced).",drinks,negative,1
black white shakes came out good also.,black white shakes,positive,0
"Forget the rush and the wait and the noise (which isn't actually that bad), I mean please, who goes to a steakhouse to be coddled and romantic?",wait,conflict,3
"My GF and I still choose to eat there a lot because of diverse cocktails, the chill decor, and the decent sushi.",decor,positive,0
"service is friendly, and never had a problem walking in and getting a table.",service,positive,0
"Its not curry in a slurry crap, and regular run of the mill food.",food,neutral,2
"A narrow corridor leads to a tiny space where there are three tiny white tiled counters, a great deal of mess (stacks of bottles, cans) and a small counter holding 12-14 entrees.",entrees,neutral,2
"Last memorial day, I tried to make reservations but was told they were closed that weekend (interesting, but...).",reservations,negative,1
"I had their eggs benedict for brunch, which were the worst in my entire life, I tried removing the hollondaise sauce completely that was how failed it was.",hollondaise sauce,negative,1
"the real kicker of the menu, however, is the beef cubes or the chicken with chili and lemon grass.",menu,neutral,2
delicious simple food in nice outdoor atmosphere.,atmosphere,positive,0
"my picks are:  - Scallion Pancake (fried with vegetable juice, very special and tasty)  - Guizhou Chicken  - Shredded Squid Family Style (one of my personal favorites)  - Sichuan Spicy Soft Shell Crab  - Shuizhu Fish (this one is for hardcore Sichuan food fans, I wouldn't recommend to my American friends as it's very spicy.",Guizhou Chicken,positive,0
Ive been here a bunch of times now and the service is always outstanding.,service,positive,0
"It only took about five or so minutes to get an empty table, but standing up wasn't too bad.",table,positive,0
Food is great and inexpensive.,Food,positive,0
Ambiance is barely romantic but management tries.,Ambiance,negative,1
"Haru serves very fresh fish, has a trendy, modern ambiance, prime location on Park Avenue South and friendly service.",service,positive,0
Overall A oh ya even though there is waiting it is deff worth it,waiting,negative,1
The food at this place is 'gourmet' Indian cuisine.,'gourmet' Indian cuisine,neutral,2
"Of course this atmosphere is lacking, but what do you expect from a 24 hour bagel place anyways?",atmosphere,negative,1
"Same owner as the guy who owns Typhoon, which is just down the street on St. Marks and 1st Ave.",owner,neutral,2
"The staff was very attentive, the ambience lovely, and the food superb.",food,positive,0
"My entree of hot pot with seafood was full of imitation crabmeat with a couple pieces of shrimp and squid, and was unnecessarily heated with a burner.",squid,negative,1
"Yes, they use fancy ingredients, but even fancy ingredients don't make for good pizza unless someone knows how to get the crust right.",pizza,negative,1
"The staff is very kind and well trained, they're fast, they are always prompt to jump behind the bar and fix drinks, they know details of every item in the menu and make excelent recomendations.",bar,neutral,2
"This place doesn't compare with Mamoun's in terms of price, freshness, value, and consisent quality, but that's just my opinion.",price,negative,1
I had Filet Mignon with garlic mash.,Filet Mignon with garlic mash,neutral,2
Delivery is fast too.,Delivery,positive,0
"They're also friendlier here, especially the owner, Kenny.",owner,positive,0
"But, they were too big for the bun.",bun,neutral,2
The food's as good as ever.,food,positive,0
"The ambience was so fun, and the prices were great, on top of the fact that the food was really tasty.",ambience,positive,0
We ran a little late for the reservation but it wasn't a problem to get our table immediately.,table,positive,0
"- the bread at the beginning is super tasty and makes you want more - the pizza is delicious and comes in personal sizes, however be warned that the Peter's Favourite pizza with prosciutto and baby arugula is actually a margarite pizza with cold prosciutto and baby arugula on top, like a salad.",bread,positive,0
"Fabulous service, fantastic food, and a chilled out atmosphere and environment.",food,positive,0
Scalina Fedeli reminded me why service is so integral to fine dining.,service,positive,0
"The staff isn't the friendliest or most competent, and I am stickler for service, but everything else about this place makes up for it.",service,negative,1
"The steak is good, the fish is good and the sushi was surprisingly great.",sushi,positive,0
they bring service up a notch by offerng complementary amuse bouche to all tables and gave us a small dessert for our celebration.,dessert,positive,0
"His drinks are very inventive, delicious and classy.",drinks,positive,0
"I had the cod with paella (spicy and very filling, I'm a big eater and could only eat half) while my boyfriend had the classic fish and chips (again, a big serving - at least 5 pieces of fish and a basketful of fries).",serving,negative,1
The price very reasonable.,price,positive,0
"The people with carts of food don't understand you because they don't speak English, their job is to give you the delicious food you point at.",people with carts of food,negative,1
Service is highly refined: our seating was delayed 35 minutes past our reservation and the maitre d' apologized and regularly kept us apprised of progress.,Service,positive,0
We also had shared a house salad that was fresh.,house salad,positive,0
"You can certainly find restaurants that offer a superior fine dining experience, but for superb food at reasonable prices, La Villa can't be beat.",prices,positive,0
"His wife Tanya, the hostess, completes the comforting atmosphere by being delightfully warm and gracious.",atmosphere,positive,0
The entertainment was great they have shows that go on through out the dinner.,dinner,neutral,2
"this is the best secret place in midtown', I heard that from the bartender, after having brilliant food ( try steak with portobello mushrooms) and drinks on the bar last Tuesday.",bar,neutral,2
"I am a 100 lb girl, had a glass of wine and a glass of beer prior to the dinner, and I was still HUNGRY after my visit to this place!",glass of wine,neutral,2
The owners and employees are friendly and their pizza is fantastic.,pizza,positive,0
"The environment is romantic, but the food is horrible, the service is pathetic, and gabriella lies about everything she could.",environment,positive,0
"My husband and I both ordered the Steak, medium.",Steak,neutral,2
"First the wrong bread came out with the appetizer, then when i tried to order a second glass of wine for my main course...",appetizer,neutral,2
The place is a BISTRO which means: simple dishes and wine served efficiently in a bustling atmosphere.,served,positive,0
All conveniently delivered right to the door.,delivered,positive,0
A bit breezy up there on the mezzanine from the wind coming from the tracks.,mezzanine,negative,1
Our server checked on us maybe twice during the entire meal.,meal,neutral,2
"We all ate pasta entre'es, which were great.",pasta entre'es,positive,0
"While this is a pretty place in that overly cute French way, the food was insultingly horrible.",place,positive,0
The place is a BISTRO which means: simple dishes and wine served efficiently in a bustling atmosphere.,dishes,positive,0
The rice was poor quality and was cooked so badly it was hard.,rice,negative,1
"Cute place, nice wait staff but would never go there again.",wait staff,positive,0
Service was also very good.,Service,positive,0
"Food was average and creme brulee was awful - the sugar was charred, not caramelized and smelled of kerosene.",Food,neutral,2
"I would not have been so disappointed with the portions if the qualities were good enough to make up for it, but they were not!",qualities,negative,1
"The bread is the soft paratha bread (unlike the plain bread they use in Calcutta), and the stuffing is tandoori styled and very flavorful.",tandoori,positive,0
Although they do the typical what kind of water would you like questions the service was good and overall very relaxing to place to eat.,water,neutral,2
"It is nearly impossible to get a table, so if you ever have the chance to go here for dinner, DO NOT pass it up.",dinner,positive,0
"To begin, we were told there was a 30 minute wait and started to leave, when the hostess offered to call us on our cell phone when the table was ready.",wait,negative,1
"The decor is dark, cool and soothing, while the food's presentation is spectacular, considering the low prices.",food's presentation,positive,0
"The food was delicious, the atmosphere was relaxed, and we have now adopted Plate 347 as our Secret on Second!",food,positive,0
"Toons has recently been redone, so it's now a very attractive space.",space,positive,0
"Great food, great decor, great service.",service,positive,0
"Great food (spinach and corn dumplings and massamman curry), very friendly and no nonsense service and a clean and funky bathroom.",spinach and corn dumplings,positive,0
The duck confit is always amazing and the foie gras terrine with figs was out of this world.,foie gras terrine with figs,positive,0
Our waiter and all of the people helping him were attentive and genuine.,waiter,positive,0
"Only wine and beer are served, but the house varities are actually quite good.",wine,neutral,2
Good drink.,drink,positive,0
The waitresses are nice--also you can just get counter service sit.,counter service,positive,0
"Leon is an East Village gem: casual but hip, with well prepared basic French bistro fare, good specials, a warm and lively atmosphere.",specials,positive,0
"From the appetizers we ate, the dim sum and other variety of foods, it was impossible to criticize the food.",appetizers,positive,0
"The menu is Prix Fixe, so be prepared to spend at least $60 per person, but it is Well worth itsuperb food.",Prix Fixe,neutral,2
My boyfriend ate tuna and it was cooked perfectly!,tuna,positive,0
The best pad thai i've ever had.,pad thai,positive,0
"So much more than the usual bar food, go there to enjoy the menu while sampling one of their hand-crafted beers.",menu,positive,0
"A few tips: skip the turnip cake, roast pork buns and egg custards.",roast pork buns,negative,1
Make reservations but expect to be delayed 15-20 minutes as the hosting staff was having difficulty seating guests who arrived with a reservation because they probably had a lot of walk ins being so close to Time Square.,reservation,neutral,2
The waitress suggested glasses of wine that went very well with the food.,food,neutral,2
"The menu looked good, except for offering the Chilean Sea Bass, but the server does not offer up the specials that were written on the board outside.",menu,positive,0
"We are very particular about sushi and were both please with every choice which included: ceviche mix (special), crab dumplings, assorted sashimi, sushi and rolls, two types of sake, and the banana tempura.",sushi,positive,0
"great wine list (italian), good food, service was INITIALLY fine.",food,positive,0
"The Steak Tartare is a great bet, they fix it for you at the table.",Steak Tartare,positive,0
"The service is spotty, sometimes really friendly and sometimes barely there.",service,conflict,3
"I had the tuna tartare with sake, mushroom ravioli with pinot noir, and the chocolate sampler with a dessert wine for $49.",pinot noir,positive,0
Service is not what one would expect from a joint in this price category.,Service,negative,1
"The waitress remembers me and is very friendly, she knows what my regular is and that's the fried mini buns with the condensed milk and the assorted fruits on beancurd.",waitress,positive,0
"Three courses - choices include excellent mussels, puff pastry goat cheese and salad with a delicious dressing, and a hanger steak au poivre that is out of this world.",courses,neutral,2
"The steak is good, the fish is good and the sushi was surprisingly great.",fish,positive,0
We could only get through an appetizer and cheese fondue.,cheese fondue,neutral,2
"Best of all is the warm vibe, the owner is super friendly and service is fast.",owner,positive,0
They didn't give us the dinner special until we asked for it.,dinner special,negative,1
Should you happen to be impressed by the cuisine definitely try it.,cuisine,positive,0
Their exotic salad is basic ly a delcious little green salad with a peanut sauce that is perfect before their sweet basil fried tofu.,green salad,positive,0
Decor is charming.,Decor,positive,0
yourself a favor and have dinner here and see if you dont agree with me.,dinner,neutral,2
The Thai ice tea was amazingly smooth and yummy!,Thai ice tea,positive,0
The restaurant is rather small but we were lucky to get a table quickly.,table,positive,0
"I only tried a simple dish of spinach ravioli in a light oil and garlic sauce, but it actually faired better than most NYC Italian joints I've tried similar dishes at.",spinach ravioli in a light oil and garlic sauce,positive,0
"I was in love with Pongsri on 48th, but compared to Suan it is slow in service and overpriced.",service,negative,1
The bagels are also reasonably priced for NYC.,bagels,positive,0
The food options rule.,food options,positive,0
The prices are about $9 for an entree for dinner and even less for lunch.,dinner,neutral,2
"Good, because hey, it's more food, but bad because dim sum is supposed to be smaller portions so you can try out more dishes and smaller so that each dish is cheap.",portions,negative,1
"Three courses - choices include excellent mussels, puff pastry goat cheese and salad with a delicious dressing, and a hanger steak au poivre that is out of this world.",puff pastry goat cheese,positive,0
"I understand the area and folks you need not come here for the romantic, alluring ambiance or the five star service featuring a sommlier and a complicated maze of captain and back waiters - you come for the authentic foods, the tastes, the experiance.",service,positive,0
Has the chef and owner changed???,owner,neutral,2
"We figured we never had Argentinian Pizza before so we grabbed our lunch there, sharing a large Pelligrino, a pizza of two of their specials, one was goat cheese the other blue cheese, and both were excellent.",blue cheese,positive,0
"The food was not fresh, the sauces were bland and very oily.",sauces,negative,1
The menu has lots of options: I hope to go back to try those potato pancakes.,menu,positive,0
"The Pastrami sandwich was like buttah and with pickles and an icy cold beer to wash it down, it was a pleasurable experience.",Pastrami sandwich,positive,0
The menu choices are similar but the taste lacked more flavor than it looked.,menu choices,neutral,2
"If you're looking for a great meal at a decent price, go to Del Frisco's!",meal,positive,0
"For the location, the prices are very reasonable.",location,neutral,2
The food is great and reasonably priced.,priced,positive,0
"A cheap eat for NYC, but not for dosa.",dosa,negative,1
"You can also special order any kind of dumpling,etc.",dumpling,positive,0
"Nice atmosphere, the service was very pleasant and the desert was good.",atmosphere,positive,0
There is actually space to breathe and the decor sets the tone for an intimate dinner.,decor,positive,0
I had to share my table with a loud group of kids and the service was rude an unattentive.,table,negative,1
From the complimentary chef app of a delicate butternut squash ravioli in a delicious truffle sauce to an amazing buttery and tender langostine entree to a dessert that I can't remember because of the fabulous Cakebread Cabernet we were drinking -- the whole evening was amazing.,chef app,positive,0
This place has the the correct ambience and an excellent staff to make you feel like a guest and a friend at the same time.,ambience,positive,0
"The service was superb, they treat you like family.",service,positive,0
Not enough wines by the glass either.,wines by the glass,negative,1
"The Pad thai, lad nar and various other dishes all look good on paper but, I've had better thai food in less asthetically pleasing places.",lad nar,conflict,3
"We figured we never had Argentinian Pizza before so we grabbed our lunch there, sharing a large Pelligrino, a pizza of two of their specials, one was goat cheese the other blue cheese, and both were excellent.",goat cheese,positive,0
So all I'm trying to say is this restaurant is by far the best thai food restaurant I've ever been to.,thai food,positive,0
"The staff are attentive, and have smiles on their faces.",staff,positive,0
The food was spicy and delicious.,food,positive,0
"The eggplant parmesan is also great, and my friend who grew up in Manhattan claims that no one serves a better baked ziti with meatsauce.",baked ziti with meatsauce,positive,0
"The service was mediocre, and the lack of air conditioning made for a less than comfortable meal.",air conditioning,negative,1
As soon as I wake up on a saturday or sunday it is the first thing on my mind is when and how I will be getting to fried dumpling.,fried dumpling,positive,0
"Service is extraordinary, yet not overbearing, and the decor brings a taste of trendy SoHo into Queens.",decor,positive,0
"However, their popularity has yet to slow down, and I still find myself drawn to their ambiance and delectable reputation.",ambiance,positive,0
"The food is amazing, rich pastas and fresh doughy pizza.",pizza,positive,0
They are often crowded on the weekends but they are efficient and accurate with their service.,crowded,negative,1
I have eaten a lot of pizza here.,pizza,neutral,2
"The wine is always good, the tapas are always yummy, especially with the warm pita bread.",pita bread,positive,0
"Service was warm and attentive, beef carpaachio was exellent (huge portion) and pasta was fresh and well-prepared.",pasta,positive,0
"Pizza - the only pizza in NYC that should not have additional toppings - the crust tastes like the best, freshly baked bread!",pizza,positive,0
Won't or Can't is not in the service directory.,service,positive,0
"The food, drinks and service are clearly among the best in the city.",drinks,positive,0
I ordered the chu chu curry and my friend ordered the pad thai chicken.,pad thai chicken,neutral,2
"The music does get a little loud at times, but it just made me want to lean closer to my beautiful wife, and as I did, I got a whiff of corriander.",corriander,neutral,2
delicious simple food in nice outdoor atmosphere.,food,positive,0
"Over time, the food quality has decreased substantially, it is a lot less crowded than it used to, and the service must definitely be part of the reason.",service,negative,1
"I recommend their Pad See Ew, Pork Chops or Tofu plates.",Pork Chops,positive,0
"Its a nice quiet location to go eat a good meal, relax, be able to talk and have a very good time.",location,positive,0
The spicy tuna and salmon are the best we've ever had.,salmon,positive,0
Every course was better than the next.,course,positive,0
"Anyways, if you're in the neighborhood to eat good food, I wouldn't waste my time trying to find something, rather go across the street to Tamari.",food,positive,0
"While we enjoyed the food, we were highly disappointed by the poor service (waiter was not quite competent and SLOW service) and lack of remorse.",waiter,negative,1
"Fresh, authentic, french cuisine in substantial portions.",french cuisine,positive,0
The food was absolutely amazing!!,food,positive,0
There is a downside if you're ordering in -- the delivery guys have MAJOR attitude.,delivery guys,negative,1
"A narrow corridor leads to a tiny space where there are three tiny white tiled counters, a great deal of mess (stacks of bottles, cans) and a small counter holding 12-14 entrees.",space,negative,1
"I had a terrific meal, and our server guided us toward a very nice wine in our price range, instead of allowing us to purchase a similarly priced wine that wasn't as good.",wine,negative,1
"The wait staff is friendly, and the food has gotten better and better!",wait staff,positive,0
The spicy Tuna roll is huge and probably the best that I've had at this price range.,Tuna roll,positive,0
I REALLY ENJOYED THE SHOWS PUT ON BY THE ACTORS.,ACTORS,positive,0
Winnie and her staff are the best crew you can find serving you.,crew,positive,0
This was my frist time at Cafe St. Bart's and I must say how delicous the food and the service was.,food,positive,0
"While the $20 entree range is not overly expensive, in New York City, there is definitely better food in that range, and so Sapphire, despite it's lovely atmosphere, will most likely not be a restaurant to which I will return.",food,negative,1
The red sliding doors may be unique but they do not block off the cold air from the outside.,doors,conflict,3
Ingredients are organic which is a real plus for me.,Ingredients,positive,0
The sushi was awful!,sushi,negative,1
"On the other hand, if you are not fooled easily, you will find hundreds of restaurants that will give you service and ambiance that is on par with Alain Ducasse, and food that will outshine in presentaion, taste, choice, quality and quantity.",quantity,negative,1
I just wonder how you can have such a delicious meal for such little money.,money,positive,0
The service was fast and friendly and the food was very tasty and they had the best hot sauce to add to your meals.,service,positive,0
Lahore is a great place to duck into late-night when you need some really tasty food on the cheap -- you'll likely have trouble finishing the amount of food you get for FOUR DOLLARS.,food,positive,0
"Based on the reviews for dinner, this is a place I would reconsider revisiting for that, but definitely not for Dim Sum again.",Dim Sum,negative,1
"- for dessert we split chocolate cake and vanilla gelato (with espresso), which were tasty, but I thought a bit overpriced.",vanilla gelato (with espresso),conflict,3
"We are very particular about sushi and were both please with every choice which included: ceviche mix (special), crab dumplings, assorted sashimi, sushi and rolls, two types of sake, and the banana tempura.",ceviche mix (special),positive,0
"I only tried a simple dish of spinach ravioli in a light oil and garlic sauce, but it actually faired better than most NYC Italian joints I've tried similar dishes at.",dish,positive,0
The food and staff always surprise me with the new heights they are taken to.,staff,positive,0
I was really disappointed ant wanted to tell everyone not to go eat or even take out food from there.,food,negative,1
The dim sum servings here are a bit larger than I'm used to.,dim sum servings,neutral,2
"Service could be improved but overall this is a place that understands the importance of little things (the heavy, black, antique-seeming teapot, for one) in the restaurant experience.",teapot,positive,0
"Also, specify if you like your food spicy- its rather bland if you don't.",food,neutral,2
"I ordered tamarind duck and my wife ordered noodles with ground beef, and we were both delighted by the way the dishes evoked Thai flavors in unexpected ways.",Thai flavors,positive,0
"I have been here a few times for dinner, once for brunch and twice for lunch.",brunch,neutral,2
$20 gets you unlimited sushi of a very high quality- I even took a friend here from Japan who said it was one of the best sushi places in the US that he has been to.,sushi,positive,0
The food is alright - some stuff is good - some is not (like the steak dish which tends to be dry).,food,conflict,3
"Great food (spinach and corn dumplings and massamman curry), very friendly and no nonsense service and a clean and funky bathroom.",service,positive,0
"Service was prompt, friendly and great.",Service,positive,0
"The food was delicious (I had a halibut special, my husband had steak), and the service was top-notch.",food,positive,0
"both are very reasonably priced (around $8 for dinner and $5 for lunch), and are delicious and filling.",priced,positive,0
Add to that great service and great food at a reasonable price and you have yourself the beginning of a great evening.,service,positive,0
"The service was mediocre, and the lack of air conditioning made for a less than comfortable meal.",meal,negative,1
"Consequently, their burgers fell apart in their hands and made such a mess that they did'nt feel like finishing them.",burgers,negative,1
"My wife and I always enjoy the young, not always well trained but nevertheless friendly, staff, all of whom have a story.",staff,conflict,3
The main downside to the place is the nazi-like guy running it who constantly complains about the noise level.,noise level,negative,1
Prices are in line.,Prices,neutral,2
Delicious food at a great price but do not go here on a cold day and sit by the front door.,food,positive,0
"I had a terrific meal, and our server guided us toward a very nice wine in our price range, instead of allowing us to purchase a similarly priced wine that wasn't as good.",wine,positive,0
"Cute place, nice wait staff but would never go there again.",place,positive,0
The location and ambience is Ok but the food is what makes up for it.,food,positive,0
"try the spicy shrimp appetizer (again, not the greatest value in the world but worth the price) and the lamb vindaloo is great.",shrimp appetizer,positive,0
"For appetizers, I recommend the shrimp fritters and dumplings.",shrimp fritters,positive,0
The atmosphere is much better than Sripraphai (more modern and sleek).,atmosphere,positive,0
"Even though I made the reservation at 3pm for the same night through Dinnerbroker, we were seated at a table with one of the best view!",reservation,positive,0
The pizza is the best if you like thin crusted pizza.,thin crusted pizza,neutral,2
"The people with carts of food don't understand you because they don't speak English, their job is to give you the delicious food you point at.",food,positive,0
"Solid wine list, knowledgeable staff, friendly owners and an adventurous, ever-changing menu keep us coming back.",menu,positive,0
Their exotic salad is basic ly a delcious little green salad with a peanut sauce that is perfect before their sweet basil fried tofu.,sweet basil fried tofu,positive,0
"The dishes offered were unique, very tasty and fresh from the lamb sausages, sardines with biscuits, large whole shrimp to the amazing pistachio ice cream (the best and freshest I've ever had).",dishes,positive,0
"- the bread at the beginning is super tasty and makes you want more - the pizza is delicious and comes in personal sizes, however be warned that the Peter's Favourite pizza with prosciutto and baby arugula is actually a margarite pizza with cold prosciutto and baby arugula on top, like a salad.",Peter's Favourite pizza with prosciutto and baby arugula,neutral,2
Great pizza and fantastic service.,pizza,positive,0
We were told that the wait was about twenty minutes and there would be no problem for our 8:00 pm curtain call.,wait,neutral,2
"Food was okay, nothing great.",Food,neutral,2
The service was excellent - friendly and attentive.,service,positive,0
We went to eat at the Jekyll and Hyde restaurant on Friday night and really enjoyed the fun atmosphere and good food.,food,positive,0
"We shared a bottle of sake, an order of edamames, and she had the sushi plate while I had the sashimi.",edamames,neutral,2
I would recommend putting your name down and then getting a drink at a local bar first though because of the wait time.,bar,neutral,2
"Most importantly, food is excellent.",food,positive,0
I had been a regular due to the consistently good food and ease of getting a table.,food,positive,0
"And it all comes at a very reasonable price (congee, noodles, and rice dishes are no more than $3-6 each).",congee,neutral,2
"From beginning appetizers, the scallops were incredible, to the delicious chocolate souffle with rasberry mint sorbet, we were delighted by the taste sensations.",chocolate souffle with rasberry mint sorbet,positive,0
The fish is fresh and each piece is sliced to perfection and seasoned by the sushi chef (usually with a little fresh wasabi and soy sauce but also sometimes with some sea salt).,sea salt,positive,0
"As we were leaving, the couple standing by the door said to another waiter, we're not in a hurry.",waiter,neutral,2
"Went on a 3 day oyster binge, with Fish bringing up the closing, and I am so glad this was the place it O trip ended, because it was so great!",place,positive,0
"I LOVE their spicy scallop roll, and my boyfriend consistently gets the sesame chicken.",sesame chicken,positive,0
"Ok, so the servers wander around a little clueless, but there's more than enough servers for the crowd they get -- it's fine, you just have to make a small effort to get their attention.",servers,conflict,3
We ordered some beef and noodle soup dishes from the Thai section of the menu but nothing we got was Thai.,noodle soup dishes,negative,1
"Good French restaurant in an area devoid of decent restaurants unless you're into eating 4 pound pastrami sandwiches at Katz' Deli, or Mexican food which is supplied by capable restaurants.",Mexican food,neutral,2
"Please if your thinking about it go, and stay the wait you won't be disappointed.",wait,negative,1
Pair you food with the excellent beers on tap or their well priced wine list.,food,neutral,2
It is obvious that no one in the restaurant has any idea about or experience with Japanese cuisine.,Japanese cuisine,negative,1
The food can get pricey but the prixe fixe tasting menu is the greatest food for a good price and they cater the food to any food allergies or food you don't like.,price,positive,0
"Also good for client lunch meetings, esp.",lunch meetings,neutral,2
Great food at reasonable prices.,prices,positive,0
Very popular style Izakaya (Sake and small portion of sake-friendly dishes ).,Sake,positive,0
The atmosphere was crowded but it was a great bistro-type vibe.,bistro-type vibe,positive,0
"good music, great food, speedy service affordable prices.",service,positive,0
"I have been a longtime fan of Holy Basil in the East Village, and while I do believe their food has slightly slipped in quality, I have been hesitant to be disloyal.",quality,negative,1
then we ordered a dinosaur rolls and white tuna sashimi.,white tuna sashimi,neutral,2
The servers give you some sample slices of your order while you wait (shortly I might add).,servers,positive,0
But the thing that my wife and I hated was it was so loud and it felt like 'bar' or 'pub'.,bar,negative,1
We had a great tiem watching the shows and characters and ar food was just what we were looking for.,shows,positive,0
If you like your music blasted and the system isnt that great and if you want to pay at least 100 dollar bottle minimun then you'll love it here.,bottle minimun,negative,1
We had the scallops as an appetizer and they were delicious and the sauce was wonderful.,scallops,positive,0
The pizza was delivered cold and the cheese wasn't even fully melted!,pizza,negative,1
Decent wine at reasonable prices.,prices,positive,0
Every waitress and customer who passed by me bumped into my chair.,waitress,neutral,2
Horrible food and Horrible service.,food,negative,1
"The menu looked good, except for offering the Chilean Sea Bass, but the server does not offer up the specials that were written on the board outside.",specials,neutral,2
"With so many good restaurants on the UWS, I don't need overpriced food, absurdly arrogant wait-staff who don't recognize they work at a glorified diner, clumsy service, and management that doesn't care.",management,negative,1
"However, I was there for a work dinner not long ago when my colleague from London noticed a very large waterbug on the ceiling.",dinner,neutral,2
"The food is yummy, especially their cooked-to-perfection mussels in spicy tomato sauce and their shoestring crispy fries.",mussels in spicy tomato sauce,positive,0
"Only complaint would be that at an average cost of $12-$15 per meal, I'd like not to have to worry about finding a seat!",seat,negative,1
"Very excited to hear that short-term Chef Jason Narone has moved on, he truly was a low point of their Sterling track record.",Chef,negative,1
Don't waste money on decor.,decor,neutral,2
The workers there also absolutely load the bagel with cream cheese (gets a little messy).,bagel,neutral,2
"Great bagels, spreads and a good place to hang out in.",spreads,positive,0
"From the incredible food, to the warm atmosphere, to the friendly service, this downtown neighborhood spot doesn't miss a beat.",food,positive,0
It was not above ordinary and the beef version had cheap (undercooked) beef.,beef,negative,1
"($200 for 2 glasses of champagne, not too expensive bottle of wine and 2 after dinner drinks).",after dinner drinks,negative,1
The sicilian is my favorite it is moist not dry like most places but all their pizza is great!,sicilian,positive,0
Could be pricey without a prix fixe meal.,prix fixe meal,negative,1
We got in line and were served while in line a bannan fritter.,bannan fritter,neutral,2
"Everything, from the soft bread, soggy salad, and 50 minute wait time, with an incredibly rude service to deliver below average food.",bread,negative,1
"After the main course came, we didn't see our waiter for at least 40 MINUTES!",main course,neutral,2
"The waitstaff are all very busy, it's not outstanding service, but I've never been dealt with rudely.",waitstaff,negative,1
"The service is a bit slow, but harkens back to my years growing up in Napoli, Italy where things are not rushed and when you sit down for dinner the table is yours all night.",table,positive,0
"not the food ,not the ambiance , not the service, I agree with the previous reviews you wait and wait , the wait staff are very rude and when you get in they are looking to get you right out .",wait staff,negative,1
"While the staff at this little bistro is very friendly, I have never experienced more incompetency.",staff,positive,0
all the food was excellent - considering the quality of food in most moderately priced restaurants is mediocre this was slightly more pricey and well worth it.,priced,neutral,2
"If you want some roast duck, pork or chicken on rice with ginger, try them out!",roast duck,positive,0
Service has always been friendly and efficient.,Service,positive,0
"Food is usually very good, though ocasionally I wondered about freshmess of raw vegatables in side orders.",Food,conflict,3
"The service was terrible, we had to wait for everything and ask several of different people for the same thing before we were allowed to be served.",service,negative,1
"The food was pretty good, but a little flavorless and the portions very small, including dessert.",dessert,negative,1
All in all the food was above average and I would return to see how they operate with four or less dinners.,food,positive,0
"More important, the sushi rivals the best in Tokyo.",sushi,positive,0
"I recommend the jelly fish, drunken chicken and the soupy dumplings, certainly the stir fry blue crab.",stir fry blue crab,positive,0
Plain and simple it's bad thai food.,thai food,negative,1
"Planet Thailand has always been a hit with me , I go there usually for the sushi, which is great , the thai food is excellent too .",sushi,positive,0
The drinks are always welll made and wine selection is fairly priced.,priced,positive,0
"We've been following chef Lyle's food around New York for 15 years and while remaining classic, his innovations with bistro fare have made us return and return.",chef,positive,0
"The puke green walls leave a lot to be desired, but the food is very good.",walls,negative,1
"It's the perfect restaurant for NY life style, it got cool design, awsome drinks and food and lot's of good looking people eating and hanging at the pink bar...",food,positive,0
I have been coming here for years and have nothing but good things to say about the service and the great staff at La Lanterna.,service,positive,0
they bring service up a notch by offerng complementary amuse bouche to all tables and gave us a small dessert for our celebration.,service,positive,0
The waitress was very patient with us and the food is phenomenal!,waitress,positive,0
"I understand the area and folks you need not come here for the romantic, alluring ambiance or the five star service featuring a sommlier and a complicated maze of captain and back waiters - you come for the authentic foods, the tastes, the experiance.",tastes,positive,0
The pizza is the best if you like thin crusted pizza.,pizza,positive,0
The Thai food is good.,Thai food,positive,0
"I had the cod with paella (spicy and very filling, I'm a big eater and could only eat half) while my boyfriend had the classic fish and chips (again, a big serving - at least 5 pieces of fish and a basketful of fries).",fries,neutral,2
"BUt their best dish is thh Thai spiced curry noodles with shrimp - a dish that would cost $23.95 is most places, but it is $16 here.",dish,positive,0
I'm partial to the Gnocchi.,Gnocchi,positive,0
Someone else recommended the dessert - we also left that.,dessert,negative,1
Really cool stauff inside.,stauff,positive,0
The lobster sandwich is good and the spaghetti with Scallops and Shrimp is great.,spaghetti with Scallops and Shrimp,positive,0
"Food is usually very good, though ocasionally I wondered about freshmess of raw vegatables in side orders.",raw vegatables,negative,1
I also ordered for delivery and the restaurant forgot half the order.,delivery,negative,1
I asked for an open faced cheese sandwich and the manager basically told me to take my business elsewhere!,open faced cheese sandwich,neutral,2
"The Bagels have an outstanding taste with a terrific texture, both chewy yet not gummy.",Bagels,positive,0
and you can't beat the prices.,prices,positive,0
Quick and friendly service.,service,positive,0
"For the people who want great food plus great service, Roxy is a place to AVOID!",food,negative,1
The only thing I moderately enjoyed was their Grilled Chicken special with Edamame Puree.,Grilled Chicken special with Edamame Puree,neutral,2
The hot dogs were cold in the middle and the buns were stale.,hot dogs,negative,1
Simple comfort food and what hot and lage portions.,portions,positive,0
sandwiches tho pricey are over stuffed - can serve 2 persons easily thus cost effective!,sandwiches,conflict,3
"The corned beef and pastrami are excellent, much less fatty than those big tourist places around Times Square.",corned beef,positive,0
"Of course this atmosphere is lacking, but what do you expect from a 24 hour bagel place anyways?",bagel,neutral,2
"I ordered tamarind duck and my wife ordered noodles with ground beef, and we were both delighted by the way the dishes evoked Thai flavors in unexpected ways.",dishes,positive,0
There is also very limited seating and there can be a substantial wait in getting food at peak times.,wait,negative,1
Pizza here is consistently good.,Pizza,positive,0
"If you go for the pre-theatre menu, it's an even greater deal.",pre-theatre menu,positive,0
"The crackling calamari salad, which is usually a cheap disaster at many restaurants, is crispy and lightly dressed.",crackling calamari salad,positive,0
I've overheard comments from him to his employees that should not have been delivered in the dining area and I've been sitting there while he lectured another customer.,employees,negative,1
This is definitely an  excellent date spot because of the ambiance and on the weekends the  night scene is more than alive.,ambiance,positive,0
I am reluctant to write because I would not want my jem of a pizza place to become overcrowded.,pizza,positive,0
"The menu consisted of standard brassiere food, better then places like Balthazar etc.",brassiere food,positive,0
"The portions are HUGE, so it might be good to order three things to split (rather than one appetizer and entree per person) for two people.",appetizer,neutral,2
As we were sitting eating the subpar food the manager proceeded to berate a couple of his employees for putting out the wrong containers for condiments and explained to them how expensive these containers were.,containers for condiments,negative,1
"The food inludes famous scrumptious bombay style chaat such as bhelpuri, sevpuri and samosa chaats, as well as other great indian appetizers.",bhelpuri,positive,0
You can even get packages of the chutneys to stock your fridge!,chutneys,positive,0
Great place to grab a hot bagel on the way to work.,hot bagel,positive,0
"my personal favorite is an everything bagel with lox spread, but all the bagles are unbeliavably good.",bagles,positive,0
As we were sitting eating the subpar food the manager proceeded to berate a couple of his employees for putting out the wrong containers for condiments and explained to them how expensive these containers were.,manager,negative,1
Pair you food with the excellent beers on tap or their well priced wine list.,beers on tap,positive,0
"We were still sitting at the bar while we drank the sangria, but facing away from the bar when we turned back around, the $2 was gone the people next to us said the bartender took it.",sangria,neutral,2
"$6 and there is much tasty food, all of it fresh and continually refilled.",food,positive,0
Decor is minimalist and clean - nothing to distract or commend.,Decor,neutral,2
I had a huge pastrami sandwich on a roll.,pastrami sandwich,positive,0
"This is the perfect spot for meeting friends, having lunch, dinner, pre-theatre or after-theatre drinks!",lunch,positive,0
"The Pad thai, lad nar and various other dishes all look good on paper but, I've had better thai food in less asthetically pleasing places.",Pad thai,conflict,3
Add to that great service and great food at a reasonable price and you have yourself the beginning of a great evening.,food,positive,0
I am relatively new to the area and tried Pick a bgel on 2nd and was disappointed with the service and I thought the food was overated and on the pricey side.,food,negative,1
"Try ordering from the regular menu, then you would not regret!",menu,positive,0
"Bill a little high, but worth it.",Bill,conflict,3
And their prices are very high - they actually think that they can get away with charging such prices for such terrible food and service!,prices,negative,1
Its a go-to for dates as well as entertaining out of town guests.,entertaining,positive,0
The sushi is average and the prices are anything but.,sushi,neutral,2
We ordered a tuna melt - it came with out cheese which just made it a tuna sandwich.,tuna sandwich,negative,1
"It's a shame that a nice, convenient place like the Pink Pony can be so ruined by lousy service.",place,positive,0
"I have eaten at Saul, many times, the food is always consistently, outrageously good.",food,positive,0
Have frequented 'ino for several years and the food remains excellent.,food,positive,0
"We live in New Jersey and whenever we go into New York City we buy bagels to eat hot and then to freeze (they told me that if I call in the order, they'd bring it out to the car so I wouldn't have to look for parking).",bagels,neutral,2
The wine list is also really nice.,wine list,positive,0
As we were sitting eating the subpar food the manager proceeded to berate a couple of his employees for putting out the wrong containers for condiments and explained to them how expensive these containers were.,containers,neutral,2
Highly recommend this as great value for excellent sushi and service.,sushi,positive,0
The food was so-so.,food,neutral,2
The food was very expensive (we spent $160 for lunch for two) but extremely tasty.,food,conflict,3
"Besides, when you have bad service, that's less money you have to tip.",tip,negative,1
"If you want some roast duck, pork or chicken on rice with ginger, try them out!",pork,positive,0
Although be warned their dinner menu to sit and take out prices are different.,take out,neutral,2
I grew up eating Dosa and have yet to find a place in NY to satisfy my taste buds.,Dosa,neutral,2
These innovators of french indian fusion do a great job of making dishes as interesting as possible while still being accessible.,dishes,positive,0
"Nice restaurant overall, with classic upscale Italian decor.",Italian decor,positive,0
I think the stuff was better than Disney.,stuff,positive,0
"The bruscetta is a bit soggy, but the salads were fresh, included a nice mix of greens (not iceberg) all dishes are served piping hot from the kitchen.",served,positive,0
"Great bar, most gorgeous bartenders you've ever seen (specifically the blond lady).",bar,positive,0
The food is okay and the prices here are mediocre.,food,neutral,2
A wonderful place!,place,positive,0
"Having not been home in the last 2 years may skew this reviewer a bit, but the food was tasty and spicy sans the oil that comes floating along at similar venues.",food,positive,0
The food there is so good that even to order out the wait is incredible.,food,positive,0
"Whenever you need a Sushi fix, Mizu will be there with quality fish and great service.",fish,positive,0
I would like to return and try some of the other menu items when I don't have to rush off to a show.,menu items,positive,0
"The decor is really blah, and not at all hip or happening.",decor,negative,1
Its an excellent place to relax and the food is one of the best in the city of New York.,food,positive,0
"The service, wine selection, ambiance are all outstanding and deserve recognition.",service,positive,0
The food was pretty tradional but it was hot and good with large portions.,portions,positive,0
"The food was below average, the service was pathetic, there was no ambience at all.",food,negative,1
For dinner I had the chicken tikka-masala and some garlic naan.,garlic naan,neutral,2
"The food was not very tasty, the portioins were tiny even for such a high quality restaurant.",food,negative,1
"my picks are:  - Scallion Pancake (fried with vegetable juice, very special and tasty)  - Guizhou Chicken  - Shredded Squid Family Style (one of my personal favorites)  - Sichuan Spicy Soft Shell Crab  - Shuizhu Fish (this one is for hardcore Sichuan food fans, I wouldn't recommend to my American friends as it's very spicy.",Shredded Squid Family Style,positive,0
Taj Mahal offeres gret value and great food.,value,positive,0
The portions are small but being that the food was so good makes up for that.,portions,negative,1
"One would think we'd get an apology or complimentary drinks - instead, we got a snobby waiter wouldn't even take our order for 15 minutes and gave us lip when we asked him to do so.",waiter,negative,1
The dish had like 6 pieces of beef in it.,beef,neutral,2
Veal Parmigana - Better than Patsy's!,Veal Parmigana,positive,0
"I like the somosas, chai, and the chole, but the dhosas and dhal were kinda dissapointing.",chai,positive,0
Monday nights are a bargain at the $28 prix fix - this includes a three course meal plus *three* glasses of wine paired with each course.,three course meal,positive,0
The dining room is quietly elegant with no music to shout over -- how refreshing!,dining room,positive,0
"Great food, good size menu, great service and an unpretensious setting.",menu,positive,0
The bagels are also reasonably priced for NYC.,priced,positive,0
"While the menu isn't especially groundbreaking, everything I've tried so far has been well-executed and tasty.",menu,conflict,3
"The signs, the specials menus, food, and even all the waitstaff are ALL TOTALLY Japanese.",signs,positive,0
Their whitefish salad is excellent--all whitefish with a little mayo.,mayo,positive,0
Ess-A-Bagel (either by Sty-town or midtown) is by far the best bagel in NY.,bagel,positive,0
"Terrible, terrible management - deserves to be shut-down.",management,negative,1
The banana tower is an amazing dessert as well.,dessert,positive,0
"The waiters are sweet, the food is tasty and the bill is never too large.",waiters,positive,0
BE CAREFUL before you request extra spice.,spice,neutral,2
"After a seafood craving, i checked citysearch and chose to go to Fish based on a previous review and the citysearch info.",seafood,neutral,2
The miso soup lacked flavor and the fish was unfortunately not as well prepared as in the past.,flavor,negative,1
"It took half an hour to get our check, which was perfect since we could sit, have drinks and talk!",check,neutral,2
It was not above ordinary and the beef version had cheap (undercooked) beef.,beef version,negative,1
They have a huge selection of different cream cheeses and all of their salads are great.,cream cheeses,positive,0
"The production is a symphony, alot of fun to experience.The food sublime for the most part.",food,positive,0
Make reservations but expect to be delayed 15-20 minutes as the hosting staff was having difficulty seating guests who arrived with a reservation because they probably had a lot of walk ins being so close to Time Square.,seating,negative,1
"Decor is nice and minimalist, food simple yet very well presented and cooked, and the wine list matches the food very well.",food,positive,0
My friend got the mushroom pizza which tasted better.,mushroom pizza,positive,0
The establishment scores big points in presentation and style.,establishment,positive,0
"Good spreads, great beverage selections and bagels really tasty.",spreads,positive,0
"The red curry is weak and tasteless, the pad thai is stuck together and lumpy, the rice is often overcooked, and the seafood is pretty sketchy.",seafood,negative,1
The steak was excellent and one of the best I have had (I tasted the butter intitally but in no way did it overwhelm the flavor of the meat).,steak,positive,0
"While the $20 entree range is not overly expensive, in New York City, there is definitely better food in that range, and so Sapphire, despite it's lovely atmosphere, will most likely not be a restaurant to which I will return.",atmosphere,positive,0
"The menu was impressive with selections ranging from a burger, to steak, to escargot.",menu,positive,0
The owners and employees are friendly and their pizza is fantastic.,owners,positive,0
Try sushimi cucumber roll.,sushimi cucumber roll,positive,0
It's great to go for a quick lunch either alone or with a friend.,lunch,positive,0
It's all about the food !!,food,positive,0
Wow over 100 beers to choose from.,beers,positive,0
"The mussaman curry that I ordered was as thin as water and aside from the poorly fried tofu that I ordered in it, they graciously provided me with ONE piece of poorly cooked potato.",fried tofu,negative,1
This place is not worth the prices.,prices,negative,1
Right off the major deegan you get ladies from all over the city.,ladies,positive,0
We had a wonderful meal at Naples 45 a month ago on a visit to NYC.,meal,positive,0
"I am amazed by the poor reviews- I find this place to be standout Italian in an area flooded with Italian- great prices, great atmosphere, good service and a wonderful wine list.",atmosphere,positive,0
"If your favorite Chinese food is General Tao chicken, then this is NOT your place.",Chinese food,neutral,2
The atmosphere is great if your looking for a laid back scene and an inexpensive way to spend a weekend afternoon.,atmosphere,positive,0
"The atmosphere is unheralded, the service impecible, and the food magnificant.",food,positive,0
They have some great entrees here as well.,entrees,positive,0
Baluchi's has solid food and a nice decor at reasonable prices.,decor,positive,0
"We had great desserts (including the best cannoli I've ever had) and then they offered an after dinner drink, on the house.",after dinner drink,positive,0
The Waitstaff were very nice and suggested swordfish for my husband he enjoyed his meal.,meal,positive,0
"Super friendly and knowledgable staff, fabulous bistro fare and a wonderful jazz brunch with great live jazz (the chilaquiles were awesome!",chilaquiles,positive,0
"The chicken parm was edible but had canned tomato sauce and boxed pasta and the chicken with portobello mushrooms consisted of dry, inedible chicken with terrible sauce.",chicken parm,conflict,3
"i've been to sapphire twice and both times the food was fine, if not good.",food,positive,0
"Admittedly some nights inside the restaurant were rather warm, but the open kitchen is part of the charm.",open kitchen,positive,0
"Each table has a pot of boiling water sunken into its surface, and you get platters of thin sliced meats, various vegetables, and rice and glass noodles.",pot of boiling water,neutral,2
They were very abrupt with me when I called and actually claimed the food was late because they were out of rice.,food,negative,1
"The bread is the soft paratha bread (unlike the plain bread they use in Calcutta), and the stuffing is tandoori styled and very flavorful.",bread,positive,0
"I wouldn't even have complained at all if the food at least tasted good but the quality of food was crappy, too.",quality of food,negative,1
Try the Pad Se-Ew or Chicken with Cashew Nuts for a memorable and repeatable experience.,Pad Se-Ew,positive,0
The aesthetics of this place are like an airport lounge.,aesthetics,negative,1
Any if you have a reservation you'll wait for max 5 minutes - so have a drink at the bar.,drink,neutral,2
"I would never wait for a table to eat, it just is not THAT great.",table,neutral,2
"Meat dishes now adorn the selections, although there's still a large number of vegetarian-friendly choices.",vegetarian-friendly choices,positive,0
Pair you food with the excellent beers on tap or their well priced wine list.,wine list,positive,0
"Do not get the Go Go Hamburgers, no matter what the reviews say.",Go Go Hamburgers,negative,1
The menu prices are a bit expensive for what you get in quality and portion size.,menu prices,negative,1
The tuna and wasabe potatoes are excellent.,tuna,positive,0
By far this is the only chinese desserts place I know in NY or anywhere close in the Northeastern America that serves desserts with frog jelly in a couple of varieties and pig feet ginger simmered in black vinegar.,pig feet ginger simmered in black vinegar,positive,0
"The bruscetta is a bit soggy, but the salads were fresh, included a nice mix of greens (not iceberg) all dishes are served piping hot from the kitchen.",iceberg,neutral,2
"However, I think this place is a good hang out spot.",spot,positive,0
"The spicy tuna roll was unusually good and the rock shrimp tempura was awesome, great appetizer to share!",appetizer,positive,0
"A glass of Leaping Lizard, a glass of prosecco, and the mussels had everything happy.",glass of Leaping Lizard,positive,0
"An oasis of refinement:  Food, though somewhat uneven, often reaches the pinnacles of new American fine cuisine - chef's passion (and kitchen's precise execution) is most evident in the fish dishes and soups.",cuisine,positive,0
A++   The service was good to excellent along with the attitude.,service,positive,0
"Also, the sandwiches (nearing $7) didn't come with anything like chips or a side.",side,neutral,2
"Maybe I say so because it looked promising for people who like artery-clogging jewish deli food, but turns out to be poorly run and awful.",jewish deli food,conflict,3
For dinner I had the chicken tikka-masala and some garlic naan.,dinner,neutral,2
"It's like they took leftover chicken, poured oil and sprinkled pepper powder over it (the sauce was translucent and red).",oil,neutral,2
"my picks: Guizhou chicken, fish with hot bean source, fish fillet in spicy source (special menu).",Guizhou chicken,positive,0
"We love the food, drinks, and atmosphere!",food,positive,0
"The crust is thin, the ingredients are fresh and the staff is friendly.",staff,positive,0
While the food was good (certainly no Il Mulino) the service was horrendous.,service,negative,1
"I haven't eat a lamb chop as delicious as that,the salads are really nice dressed with lemon and extra virgnin olive oil.",extra virgnin olive oil,positive,0
"This place doesn't compare with Mamoun's in terms of price, freshness, value, and consisent quality, but that's just my opinion.",freshness,negative,1
"It's a place for people who pay a lot for mediocre food, noise and a chance to be with their fellow bridge and tunnel folks.",food,neutral,2
Food-awesome.,Food,positive,0
"I tend to judge a sushi restaurant by its sea urchin, which was heavenly at sushi rose.",sea urchin,positive,0
"With so many good restaurants on the UWS, I don't need overpriced food, absurdly arrogant wait-staff who don't recognize they work at a glorified diner, clumsy service, and management that doesn't care.",diner,negative,1
"Small servings for main entree, i had salmon (wasnt impressed) girlfriend had chicken, it was good.",salmon,negative,1
"All in all, this midtown gem instantly became one of my favorite sushi restaurants in the city.",sushi,positive,0
"So, a little inconsistency there but either way, both pizzas were really good.",pizzas,positive,0
"I haven't eat a lamb chop as delicious as that,the salads are really nice dressed with lemon and extra virgnin olive oil.",lamb chop,positive,0
The food was great and the service was even better.,service,positive,0
Great Indian food and the service is incredible.,service,positive,0
The best thing I tasted were the lambchops.,lambchops,positive,0
We were looking forward to nice glass of Sangria when we arrived.,glass of Sangria,positive,0
"Great food, good size menu, great service and an unpretensious setting.",setting,positive,0
"Great spot, whether looking for a couple of drinks or quiet dinner.",drinks,positive,0
The fried rice is really good too.,fried rice,positive,0
"If you love seafood, you would love this place!",place,positive,0
The rice to fish ration was also good--they didn't try to overpack the rice.,rice to fish ration,positive,0
The appetizers are just OK and the main courses were decidedly subpar.,main courses,negative,1
"The service was impeccable and unobtrusive -- the staff knows what they are there to do -- to know their menu, present your meal, and attend to your needs.",meal,neutral,2
We were disappointed with the pre-fixe menu of only 2 choices per course (other restaurants offer 3 choices) and ended up ordering a la carte.,choices per course,neutral,2
"Nice ambiance, nice little bar, good bartender, Francois, and good service.",service,positive,0
The one vegetarian entree (Abby's treasure) was actually quite a surprise - it was delicious and had wintermelon covering an assortment of fresh mushrooms and vegetables.,vegetarian entree,positive,0
The food was absolutely horrible!,food,negative,1
"My wife and I will usually only order one primi and one secondi and split them, as they tend to offer large portions.",secondi,positive,0
The bruschetta and panini's are so yummy!,bruschetta,positive,0
The service was attentive and her suggestions of menu items was right on the mark.,menu items,positive,0
The food is amazing!!!!,food,positive,0
They are often crowded on the weekends but they are efficient and accurate with their service.,service,positive,0
This place has realy fresh sushi and a nice large menu of Japanese classic cuisine.,menu,positive,0
"If you are in a big group, this place is perfect because it recomends sharing - they have lazy susans on most tables - even families can feel comfortable here.",lazy susans,positive,0
"Looking around, I saw a room full of New Yorkers enjoying a real meal in a real restaurant, not a clubhouse of the fabulous trying to be seen.",meal,positive,0
The staff was too busy ordering sushi for dinner and then laying it out to eat on the bar to even bring me my check.,sushi,neutral,2
Make reservations but expect to be delayed 15-20 minutes as the hosting staff was having difficulty seating guests who arrived with a reservation because they probably had a lot of walk ins being so close to Time Square.,hosting staff,negative,1
INCREDIBLY POOR SERVICE AN FOOD QUALITY AT EXORBITANT PRICES.,SERVICE,negative,1
"At 5 dumplings for $1, you just cannot go wrong.",dumplings,positive,0
Very popular style Izakaya (Sake and small portion of sake-friendly dishes ).,dishes,positive,0
"The bread is the soft paratha bread (unlike the plain bread they use in Calcutta), and the stuffing is tandoori styled and very flavorful.",paratha bread,positive,0
"We were on our way back to NJ, and since I am in NY, we figured why not grab some food?",food,neutral,2
"The calamari comes with an incredible sauce, and the duck noodles are yummy as well.",duck noodles,positive,0
The wine list is extensive and can easily hike up an otherwise reasonably priced meal.,wine list,positive,0
Some servers make you feel like they are doing you a favor to bring you the food.,food,neutral,2
The rice was poor quality and was cooked so badly it was hard.,quality,negative,1
They smell like they stuff them with old canned vegetables like the spinach mushroom calzone.,spinach mushroom calzone,negative,1
Best Pastrami I ever had and great portion without being ridiculous.,portion,positive,0
"The chicken and steak were seasoned and cooked to perfection, and the lamb sandwhich is great for heartier appetites.",steak,positive,0
"We ate here in March, 2006 and ordered the pre-theatre 3-course dinner with wine flight.",pre-theatre 3-course dinner,neutral,2
"- the bread at the beginning is super tasty and makes you want more - the pizza is delicious and comes in personal sizes, however be warned that the Peter's Favourite pizza with prosciutto and baby arugula is actually a margarite pizza with cold prosciutto and baby arugula on top, like a salad.",margarite pizza with cold prosciutto and baby arugula on top,neutral,2
"The most annoying thing, though, is the fact that the servers seem to be trained to drive revenue.",servers,negative,1
"While the room is not particularly comfortable, once you're seated you'll forget about everything except what's on your plate.",plate,positive,0
"Pizza is terrific, as is homemade pasta.",Pizza,positive,0
"(food was delivered by a busboy, not waiter) We got no cheese offered for the pasta, our water and wine glasses remained EMPTY our entire meal, when we would have easily spent another $20 on wine.",water and wine glasses,negative,1
"The service is excellent, the decor is great, and the food is delicious and comes in large portions.",service,positive,0
"They are still living in the dark ages and do not have an answering machine, so if you want to make a reservation you are limited.",reservation,negative,1
I live in the neighborhood and my friends meet me down here not only for the bar scene but also the promise of The Pizza Place at 3am.,bar scene,positive,0
"Great selection of wine, and seafood.",seafood,positive,0
"As there were so many to choose from we wandered up and down the street looking in the windows and such noticicing many empty seats ,except at Taj Mahal.",seats,negative,1
"No food snobs allowed, this place is for people who appreciate good food.",food,neutral,2
The hostess and the waitress were incredibly rude and did everything they could to rush us out.,hostess,negative,1
"My turkey burger was not cooked at all, my friends salmon was completely raw.",turkey burger,negative,1
"For some reason, all the seafood on the menu was unavailable except for the Salmon.",Salmon,neutral,2
I liked the food at this quasi-thai restaurant.,food,positive,0
"But when you are seated the waitresses are great, they explain everything on the menu, and the price of the food is really cheap for the service you get.",waitresses,positive,0
"There was a long wait for a table outside, but it was a little too hot in the sun anyway so our insde table was very nice.",insde table,positive,0
My son and his girlfriend both wanted cheeseburgers and they were huge!,cheeseburgers,positive,0
"And Kruno, the beverage manager is the best bartender I have yet to come across.",bartender,positive,0
The food is great and reasonably priced.,food,positive,0
"Very romantic fires - I've literally spent hours at Lanterna, drinking wine from their extensive wine and enjoying the ambience.",wine,positive,0
"From the terrible service, to the bland food, not to mention the unaccommodating managers, the overall experience was horrible.",managers,negative,1
"In terms of the food itself -- nothing special, we limited ourselves to several appetizers.",food,neutral,2
"Service is friendly, prices are good - delivery time was a little slow, but for the way this pizza tastes, I'm willing to overlook it.",pizza,positive,0
An excellent service,service,positive,0
The people in the restaurant were pretty obnoxious and loud.,people,negative,1
"I wouldn't even have complained at all if the food at least tasted good but the quality of food was crappy, too.",food,negative,1
"Where tanks in other Chinatown restaurants display a lurking myriad of sad-looking marine life in their murky waters, the tanks at Ping's are clear as glass with healthy-looking creatures who do not yet know that they will be part of some dim sum lover's brunch.",tanks,negative,1
"After dinner, take your date to the HUGE dance floor, probably one of the biggest you'll see in NY.",dinner,neutral,2
"The food was very good, but not very thai.",food,conflict,3
"The restaurant was packed at first, so we waited at the bar for about 20 minutes before we were seated.",bar,neutral,2
"Unless you are eating in the Pizzeria side of this place, and are not in a rush, this place is a bad idea.",place,negative,1
The other night we had the $30 three course meal and everything was delicious - if I could of licked the plate clean I would of.,three course meal,positive,0
"Over the years, it has always provided a pleasurable dining experience with quality food and wine.",wine,positive,0
We always get a sampling of appetizers and share.,appetizers,neutral,2
I was pretty much full after our fondue appetizer.,fondue appetizer,neutral,2
Nothing fancy but really good food with pretty reasonable price.,food,positive,0
The food was authentic.,food,positive,0
"While the new restaurant still features much of the same classical furniture that made Tiffin so attractive, the menu has been overhauled.",classical furniture,positive,0
"The ingredients taste fresher, the crust is thinner and crispier, the slice is less oily, and it's never burnt like it occasionally is at Joe's.",slice,positive,0
Service was also horrible and the ambience is not that great.,ambience,negative,1
The wine list is extensive and impressive.,wine list,positive,0
We had Pam's special fried fish and it was amazing.,Pam's special fried fish,positive,0
We had a girls' night dinner here for restaurant week.,dinner,neutral,2
Mermaid Inn is an overall good restaurant with really good seafood.,seafood,positive,0
"Most of the servers are very attentive, friendly and quite attractive.",servers,positive,0
The lox is always fresh too.,lox,positive,0
"Have always found that the waiters will go out of their way to be helpful, despite the fact they are often busy with lots of diners.",diners,neutral,2
"The red curry is weak and tasteless, the pad thai is stuck together and lumpy, the rice is often overcooked, and the seafood is pretty sketchy.",pad thai,negative,1
I had never had Edamame pureed before but I thought it was innovative and tasty (could've used a bit more salt).,Edamame pureed,positive,0
Food was good not great not worth the wait or another visit,Food,conflict,3
"Yet paired with such rude service, would never recommend for anyone interested in carrying any kind of conversation while there.",service,negative,1
"Not sure where the previous reviewer, lonk, dined, but Saul is in a great neighborhood and has great food!",neighborhood,positive,0
There's something smooth about sipping sake upper east side style.,sake,positive,0
This is a consistently great place to dine for lunch or dinner.,dine,positive,0
"The highlight of the night was the mayonaisse for my side of fries I received from one of the food runners, which is not good considering the bill was nearly $100.",food runners,neutral,2
The Singapore Mai Fun had NO curry flavor whatsoever.,curry flavor,negative,1
"The have over 100 different beers to offer thier guest so that made my husband very happy and the food was delicious, if I must recommend a dish it must be the pumkin tortelini.",dish,positive,0
"The combination of fresh tomato sauce, fresh mozz cheese, basil and the dough they make with imported flour, makes this is one of the better pizza's in NY.",basil,positive,0
The food is great.,food,positive,0
"Nha Trang, while being notorious for utter lack of comfort and decor, horribly slow wait staff and horribly quick meals, is one of the best vietnamese restaurants i've ever been to. the pho is delicious and comes with very fresh vegtables.",vegtables,positive,0
The fried dumplings are GREAT!,fried dumplings,positive,0
"The sushi has been from average to below average, the wait service has always been sub-par the atmosphere goes from nice to really irritating (if you sit in the area beyond the kitchen, the acousitcs are horrid, everything echoes is extremely loud).",wait service,negative,1
"stick with the chicken, beef, and lamb dishes.",beef,positive,0
"However, I was there for a work dinner not long ago when my colleague from London noticed a very large waterbug on the ceiling.",ceiling,negative,1
"My wife and I will usually only order one primi and one secondi and split them, as they tend to offer large portions.",portions,positive,0
"the real kicker of the menu, however, is the beef cubes or the chicken with chili and lemon grass.",chicken with chili and lemon grass,positive,0
Price and quality of fish alone will keep us from making a return visit.,fish,negative,1
"Pizza is terrific, as is homemade pasta.",homemade pasta,positive,0
Moderate prices.,prices,neutral,2
The place is small and cramped but the food is fantastic.,food,positive,0
I also ordered for delivery and the restaurant forgot half the order.,order,negative,1
"The food's dazzling flavors overwhelm the palate, truly embracing the beauty of authentic Thai cuisine.",Thai cuisine,positive,0
After really enjoying ourselves at the bar we sat down at a table and had dinner.,bar,positive,0
The food can get pricey but the prixe fixe tasting menu is the greatest food for a good price and they cater the food to any food allergies or food you don't like.,food,negative,1
"We shared a bottle of sake, an order of edamames, and she had the sushi plate while I had the sashimi.",bottle of sake,neutral,2
We were told that they were booked solid and no other table was available.,table,negative,1
I have lived in Japan for 7 years and the taste of the food and the feel of the restaurant is like being back in Japan.,food,positive,0
"If you're looking for a place to sit down, have a drink and conversations with friends, go to sweet-n-tart and order yourself a hong-kong styled milk and tea with tapioca pearls (hot).",hong-kong styled milk,positive,0
I fell in love with the egg noodles in the beef broth with shrimp dumplings and slices of BBQ roast pork.,egg noodles in the beef broth with shrimp dumplings and slices of BBQ roast pork,positive,0
A restaurant that doesn't try to do anything except serve great food with great service in a pleasant atmosphere.,atmosphere,positive,0
You must have the crabmeat lasagna which is out of this world and the chocolate bread pudding for dessert.,crabmeat lasagna,positive,0
THE BIG COMPLAINT: NO TOASTING AVAILABLE.,TOASTING,negative,1
"We love the food, drinks, and atmosphere!",drinks,positive,0
Best dish is nori-wrapped tuna.,dish,positive,0
The owner and staff are all Japanese as well and that adds to the entire ambiance.,ambiance,positive,0
"Good atmosphere, combination of all the hottest music dress code is relatively strict except on Fridays.",music,positive,0
"The service is a bit slow, but harkens back to my years growing up in Napoli, Italy where things are not rushed and when you sit down for dinner the table is yours all night.",dinner,neutral,2
The staff was knowledgeable and full of personality.,staff,positive,0
"Our favorite meal is a pesto pizza, the house salad, and a good bottle of wine.",meal,positive,0
This is a great Thai restaurant with a very friendly staff.,staff,positive,0
I would recommend putting your name down and then getting a drink at a local bar first though because of the wait time.,drink,neutral,2
"The tables are crammed way too close, the menu is typical of any Italian restaurant, and the wine list is simply overpriced.",tables,negative,1
"THe back garden sitting area is very pleasant, where you can see their personal herb garden.",back garden sitting area,positive,0
Try their plain pizza with fresh garlic or eggplant.,garlic,positive,0
I REALLY ENJOYED THE SHOWS PUT ON BY THE ACTORS.,SHOWS,positive,0
"Excellent atmosphere, delicious dishes good and friendly service.",atmosphere,positive,0
"Pizza - the only pizza in NYC that should not have additional toppings - the crust tastes like the best, freshly baked bread!",crust,positive,0
The food is above average for midtown and sligtly better than some of the other Heartland Breweries in the city.,food,positive,0
"Even if the food wasn't this good, the garden is a great place to sit outside and relax.",place,positive,0
"However, service was as plain as sesame crusted Salmon I had.",sesame crusted Salmon,neutral,2
I have never been disappointed but their true strength lays in their amazingly delicious and cheap lunch specials.,lunch specials,positive,0
"Despite the fact that the space is large, they've overcrowded the floor with tables.",tables,negative,1
"Three page wine menu, one page entree and horedevous.",wine menu,positive,0
"Both are delicious, the cooks are friendly and are willing to take a moment and speak to you and shake your hand.",cooks,positive,0
There are other people waiting!,waiting,negative,1
It's a great place to pick up a cheap lunch or dinner.,lunch,positive,0
The prices were CHEAP compared to the quality of service and food.,food,positive,0
The selection changes frequently but the basic dishes are always available.,basic dishes,neutral,2
I'd call it an 'italian dinner'.,dinner,neutral,2
The place was real empty but that was because this was the first Sunday they ever opened.,place,negative,1
"my picks are:  - Scallion Pancake (fried with vegetable juice, very special and tasty)  - Guizhou Chicken  - Shredded Squid Family Style (one of my personal favorites)  - Sichuan Spicy Soft Shell Crab  - Shuizhu Fish (this one is for hardcore Sichuan food fans, I wouldn't recommend to my American friends as it's very spicy.",Sichuan food,neutral,2
We began with the cheese fondue (the artisanal blend) and added apples and kielbasa to dip.,cheese fondue,neutral,2
I've never had bad service and the fish is fresh and delicious.,service,positive,0
"The food is definitely good, but I left a bit disappointed.",food,positive,0
Food is great.,Food,positive,0
"The food, served in small tasting portions (as an option) is very good with each dish being better than the next.",dish,positive,0
The owner and staff are all Japanese as well and that adds to the entire ambiance.,staff,positive,0
I've had pizza both times and the caprese salad appetizer.,pizza,neutral,2
"Check it out, it won't hurt your stomach or your wallet.",wallet,positive,0
"My husband said he could've eaten several more, the portion was fine for me he even exclaimed that the french fries were the best he has had.",french fries,positive,0
We always have a delicious meal and always leave feeling satisfied.,meal,positive,0
The ambience is authentic and relaxing and we have always received attentive and prompt service.,service,positive,0
"The wait here is long for dim sum, but if you don't like sharing tables or if the typical raucous dim sum atmosphere is not your gig, this is a sleek (for Chinatown) alternative.",tables,positive,0
Dahkin also offers prix fixe lunch and buffet.,buffet,positive,0
"If I could rate the people this place would be off the charts - unfortunately - the pizza, sorry - not the best in NYC.",pizza,negative,1
We were fast to order the appetizer platter since we were very hungry.,appetizer platter,neutral,2
"Even if the food wasn't this good, the garden is a great place to sit outside and relax.",food,positive,0
Indoor was very cozy and cute.,Indoor,positive,0
"NO more reservations, expensive tips and annoying stuff.",stuff,positive,0
"Overall, the ingredients and technique are there and I am encouraged enough to return at lunch or dinner to see whether the boldness of the flavour palette improves.",ingredients,positive,0
"I didn't expect to like Nosh as much as I did, but the pastrami on challah sandwich I had was otherworldly, the soups are like Mom's, and the knishes give Yonah Schimmel's a run for its money.",knishes,positive,0
"Stick to dimsum, not super overpriced noodles.",noodles,neutral,2
"Good atmosphere, combination of all the hottest music dress code is relatively strict except on Fridays.",dress cod,negative,1
One thing I liked about this place is that I never felt rushed or pressured to give up my table ot incoming guests.,table,neutral,2
The table next to us asked if he crushed the grapes himself when their long overdue bottle of wine finally arrived.,bottle of wine,neutral,2
The service was attentive without being overbearing and each dish we tried was wonderful from the spring rolls to the cod with pineapple tempura.,cod with pineapple tempura,positive,0
We ordered some beef and noodle soup dishes from the Thai section of the menu but nothing we got was Thai.,beef,negative,1
Their wines by the glass are a great accompaniment and you can eat like a king with wine for under $30.,wines by the glass,positive,0
"And it all comes at a very reasonable price (congee, noodles, and rice dishes are no more than $3-6 each).",price,positive,0
Sauce was watery and the food didn't have much flavor.,food,negative,1
"You get what you pay for and with that logic in mind, Spice is a great place to grab some cheap eats and drinks in a beautiful setting.",setting,positive,0
The wine and cheese plate are plentiful and can't wait to try the fondue or table grilling.,cheese,positive,0
The quail was fantastic and unique and the pastas were full of flavor.,pastas,positive,0
"So if you want a nice, enjoyable meal at Montparnasse, go early for the pre-theater prix-fixe.",meal,positive,0
Service was good and food is wonderful.,food,positive,0
"Nice atmosphere, the service was very pleasant and the desert was good.",service,positive,0
"Plus, when our entrees were held up in the kitchen on a busy Saturday night, the owner sent over complimentary summer rolls to hold us over!",summer rolls,positive,0
"The man that was hosting promised to save a table for our party of 7, then sat a party of 2 at the very table he was saving (mean while there were boths open all around).",table,neutral,2
"If it's just a quick martini at the bar (which I recommend Jeffery's) or a mind blowing Roast Chicken, go to Village!",Roast Chicken,positive,0
"First the wrong bread came out with the appetizer, then when i tried to order a second glass of wine for my main course...",bread,negative,1
The prices are wonderfully low.,prices,positive,0
But the coconut rice was good.,coconut rice,positive,0
Once they ran out of Gnochi and made it for me from scratch!,Gnochi,neutral,2
"Haru serves very fresh fish, has a trendy, modern ambiance, prime location on Park Avenue South and friendly service.",fish,positive,0
"Our waiter was fine, the place looks nice in that not-trying-too-hard way, but at those prices, a little more should be expected of your food.",prices,negative,1
My boyfriend had the New England Chowder it was good but I think the award should go to the Lobster Bisque.,Lobster Bisque,positive,0
The food is a diamond in rough -- the food is delicious and homemade with the perfect balance of herbs and tomatoes.,food,positive,0
The zucchini and mashed potatoes are a blend of garlic and butter which simply melts in your mouth.,butter,positive,0
The meat dishes were only so-so.,meat dishes,neutral,2
"in an effort to increase turnover, the restaurant offers no desserts beyond the complimentary espresso cup filled with chocolate mousse.",desserts,negative,1
We've never had any problems with the staff but maybe we've been lucky?,staff,positive,0
"The eggplant parmesan is also great, and my friend who grew up in Manhattan claims that no one serves a better baked ziti with meatsauce.",eggplant parmesan,positive,0
Slightly above average wines start at $70+ with only one selection listed at $30+.,wines,negative,1
Taj Mahal offeres gret value and great food.,food,positive,0
"Considering their price of $6.25 for lunch special, the dish was ridiculously small.",dish,negative,1
Mine was a little burnt but still delicious with goat cheese and panchetta (raddichio was kind of bitter though).,goat cheese,positive,0
"My husband had the mesclun, salmon, and ice cream and he enjoyed all 3 courses.",courses,positive,0
What makes this restaurant special are the authentic sichuan cooking and being the only one in NYC that offers authentic chongqing hotpot.,chongqing hotpot,positive,0
"Based on the reviews for dinner, this is a place I would reconsider revisiting for that, but definitely not for Dim Sum again.",dinner,positive,0
I ordered a Chicken Teriyaki dish and found that the chicken was extremely dry.,chicken,negative,1
"The food is spectacular, from the appitizers to the main course, and then of course the desserts, (WOW) you'll need no more.",food,positive,0
"Over the years the host, Vittorio, and his crew, have always treated me as family--although with all the business this not-so-little gem does, it amazing he's even able to remember a consistent but not-so-frequent visitor.",host,positive,0
"(food was delivered by a busboy, not waiter) We got no cheese offered for the pasta, our water and wine glasses remained EMPTY our entire meal, when we would have easily spent another $20 on wine.",cheese,negative,1
I've read some of the previews reviews - people are either not New Yorkers or have more appreciation for ambience then food.,food,neutral,2
I really liked the noodle dishes at Rice Avenue compared to their Green Curry dish.,noodle dishes,positive,0
"Everything, from the soft bread, soggy salad, and 50 minute wait time, with an incredibly rude service to deliver below average food.",food,negative,1
The wine list is extensive and can easily hike up an otherwise reasonably priced meal.,priced,positive,0
"The chicken and steak were seasoned and cooked to perfection, and the lamb sandwhich is great for heartier appetites.",lamb sandwhich,positive,0
I would definitely recommend SEA if you like thai cuisine!,thai cuisine,positive,0
"No dress codes, no attitudes, plenty of comfort companionship, a great place to relax in an always busy Midtown.",place,positive,0
"Still, any quibbles about the bill were off-set by the pour-your-own measures of liquers which were courtesey of the house...",measures of liquers,positive,0
"If anyones has doubt of not knowing enough about wines,please check their wine list.",wine list,positive,0
"We were seated promptly as we had reservations, however after that the service was slow.",reservations,positive,0
"My husband said the portions were very small, but if my main course was good to eat the portion would've been fine for me.",portions,negative,1
"We started with lox and mussels (the best ive ever had, ever) and had the cod and trout for dinner.",lox,positive,0
"The waiters are sweet, the food is tasty and the bill is never too large.",food,positive,0
$20 gets you unlimited sushi of a very high quality- I even took a friend here from Japan who said it was one of the best sushi places in the US that he has been to.,sushi places,positive,0
Metrazur has a beautiful spot overlooking the main terminal.,spot,positive,0
Cheese plate is a varied delight and great bargain at $10.,Cheese plate,positive,0
i would just ask for no oil next time.,oil,negative,1
If you've ever been along the river in Weehawken you have an idea of the top of view the chart house has to offer.,view,positive,0
The Waitstaff were very nice and suggested swordfish for my husband he enjoyed his meal.,swordfish,positive,0
We were seated outside and the waiter spilled red wine and hot tea on myself and my date.,waiter,negative,1
My first time there I happened not to like the Crab Croquette apt that i ordered and they were happy to change it for me without making no big deal.,Crab Croquette apt,negative,1
"Service was devine, oysters where a sensual as they come, and the price can't be beat!!!",price,positive,0
"uni from maine vs california, sea vs freshwater eel) to get a good taste comparison.",eel,neutral,2
"Even better, they know how to cook French classics like Steak au Poivre and Onglet without burning it to death or overcooking it.",Steak au Poivre,positive,0
Patroon features a nice cigar bar and has great staff.,cigar bar,positive,0
"The service is excellent, the decor is great, and the food is delicious and comes in large portions.",food,positive,0
"BUt their best dish is thh Thai spiced curry noodles with shrimp - a dish that would cost $23.95 is most places, but it is $16 here.",dish,positive,0
"The highlight of the night was the mayonaisse for my side of fries I received from one of the food runners, which is not good considering the bill was nearly $100.",fries,negative,1
"we were tired and cold when we got to the restaurant, then we sat down to begin ordering appetizers.",appetizers,neutral,2
"Good to find a restaurant where the owners have some imagination and they have actually pulled it off, like in this case.",owners,positive,0
But the thing that my wife and I hated was it was so loud and it felt like 'bar' or 'pub'.,pub,negative,1
I love Indian food and consider myself to be quite an expert on it.,Indian food,positive,0
"The pizza is delicious - they use fresh mozzarella instead of the cheap, frozen, shredded cheese common to most pizzaria's.",fresh mozzarella,positive,0
"Over the years, it has always provided a pleasurable dining experience with quality food and wine.",dining,positive,0
Monday nights are a bargain at the $28 prix fix - this includes a three course meal plus *three* glasses of wine paired with each course.,prix fix,positive,0
They don't seem to place an emphasis on specials or fresh ingredients which to me is necessary for good thai.,specials,negative,1
"The have over 100 different beers to offer thier guest so that made my husband very happy and the food was delicious, if I must recommend a dish it must be the pumkin tortelini.",beers,positive,0
Nothing fancy but really good food with pretty reasonable price.,price,positive,0
Hats off to the chef.,chef,positive,0
I love and I know gourmet food by excellence!,gourmet food,positive,0
"They are not helpful in the least and will give you the grand run around so by the time the event date rolls around you will not only regret chosing this place, but also become hostile!",place,negative,1
"I had the salmon dish and while it was fine, for the price paid, I expected it to have some type of flavor.",flavor,negative,1
I particularly love their yellowfun tuna and their mussel selection.,mussel selection,positive,0
My friend ordered some of their special sushi rolls which had excellent presentation and tasted great!,sushi rolls,positive,0
"I had a late dinner at Lucky Stike, a great name for a joint if ever I saw one.",dinner,neutral,2
I've waited over one hour for food.,food,neutral,2
Diner food at bistro prices is a bummer....,prices,negative,1
All the NYU students love this place so it makes for a fun young atmosphere.,atmosphere,positive,0
The food is a diamond in rough -- the food is delicious and homemade with the perfect balance of herbs and tomatoes.,food,positive,0
The highly spiced chai tea was great too.,chai tea,positive,0
"Fabulous service, fantastic food, and a chilled out atmosphere and environment.",service,positive,0
all the food was excellent - considering the quality of food in most moderately priced restaurants is mediocre this was slightly more pricey and well worth it.,quality of food,positive,0
"The dosas are skimpy, unattractive and drip with grease, and personally I'd drink popcorn topping before I'd eat another one of these.",dosas,negative,1
"However, if you want great food at a great price and don't mind the decor, you can't beat this place.",decor,negative,1
We had the lobster sandwich and it was FANTASTIC.,lobster sandwich,positive,0
I've been coming here as a child and always come back for the taste.,taste,positive,0
"Moules were excellent, lobster ravioli was VERY salty!",Moules,positive,0
"Our son loves pizza and we have a certified Neapolitan pizzaria in our home city (Seattle), we liked this nearly as much - and the differences were more about personal preference than any reflection on either restaurant.",pizza,positive,0
We walked in on a Wednesday night and were seated promptly.,seated,positive,0
The wine and cheese plate are plentiful and can't wait to try the fondue or table grilling.,wine,positive,0
"Nice ambiance, nice little bar, good bartender, Francois, and good service.",bar,positive,0
i don't usually order wine with indian so i can't comment on their wine list or their wines.,wine list,neutral,2
The food was well prepared and the service impecable.,food,positive,0
What generous portions!,portions,positive,0
"The environment is romantic, but the food is horrible, the service is pathetic, and gabriella lies about everything she could.",food,negative,1
It's a great place to pick up a cheap lunch or dinner.,dinner,positive,0
"To finish off such a delightful dinner experience you must have dessert, especially the White Chocolate Bread Pudding with Gelato and hot chocolate.",dinner,positive,0
"Over time, the food quality has decreased substantially, it is a lot less crowded than it used to, and the service must definitely be part of the reason.",food quality,negative,1
"An excellent alternative to fast food joints and ordering in but, the food was slightly disappointing.",fast food,negative,1
"Restaurant snobs need not bother, this is a small, neighborhood kind of place.",place,positive,0
This dish is my favorite and I always get it when I go there and never get tired of it.,dish,positive,0
My boyfriend and I recently had an early dinner at Artisanal and was satisfied with our experience.,dinner,positive,0
"During our meal, the management came over and checked on us and even bought us a round of drinks.",management,positive,0
"Great food, great decor, great service.",food,positive,0
Faan's got a great concept but a little rough on the delivery.,delivery,negative,1
"Three courses - choices include excellent mussels, puff pastry goat cheese and salad with a delicious dressing, and a hanger steak au poivre that is out of this world.",mussels,positive,0
"Not only is the cuisine the best around, the service has always been attentive and charming.",cuisine,positive,0
"I need at least three rolls to be full, and that's at least $14.00!",rolls,neutral,2
"Nha Trang, while being notorious for utter lack of comfort and decor, horribly slow wait staff and horribly quick meals, is one of the best vietnamese restaurants i've ever been to. the pho is delicious and comes with very fresh vegtables.",decor,negative,1
"The table service could have been a little more attentive but as someone who also works in the service industry, I understood they were busy.",table service,conflict,3
All my co-workers were amazed at how small the dish was.,dish,negative,1
from an English speaking staff.,staff,neutral,2
"When he finally did, he was unable to make a gin and tonic -- couldn't find tonic.",gin and tonic,neutral,2
"Good, dark atmosphere and the music is a nice touch.",atmosphere,positive,0
They charge different prices all the time.,prices,negative,1
"As much as I like the food there, I can't bring myself to go back.",food,positive,0
Great Indian food and the service is incredible.,Indian food,positive,0
"I highly recommend Cafe St. Bart's for their food, the ambience and wonderful service.",ambience,positive,0
The food always tastes fresh and served promptly.,served,positive,0
"We asked to be moved (which took half an hour), and then were seated in a high traffic area in the back, even though the rest of the room was practically empty.",room,neutral,2
I was back-to-back with the diner at the table behind me and wait staff had to hoist trays over our heads as they squeezed past us again and again.,diner,neutral,2
"But after last night, Spice Grill is the only place I'm eating indian cuisine.",indian cuisine,positive,0
"The bruscetta is a bit soggy, but the salads were fresh, included a nice mix of greens (not iceberg) all dishes are served piping hot from the kitchen.",bruscetta,negative,1
"overall, a solid restaurant and at less than $40pp (including wine), a solid deal as well.",wine,neutral,2
And I say snacking because it really is not set up to be a proper dinner.,snacking,neutral,2
"It cannot be the ambience, because the place is very cramped and some guests have to sit in an aisle.",ambience,negative,1
"The food is spectacular, from the appitizers to the main course, and then of course the desserts, (WOW) you'll need no more.",main course,positive,0
"Anyway, the food is good, the price is right and they have a decent wine list.",price,positive,0
"The food is yummy, especially their cooked-to-perfection mussels in spicy tomato sauce and their shoestring crispy fries.",fries,positive,0
This little place definitely exceeded my expectations and you sure get a lot of food for your money.,place,conflict,3
"Waiters tend to forget drinks completely, food portions are so tiny, two people have trouble sharing one entree.",entree,negative,1
I've rarely had a problem with slow staff in the 10 years I've been going.,staff,positive,0
The food was very expensive (we spent $160 for lunch for two) but extremely tasty.,lunch,negative,1
"It was nice and fresh, but I can't give it high scores on being authentic thai.",thai,negative,1
"The environment is romantic, but the food is horrible, the service is pathetic, and gabriella lies about everything she could.",service,negative,1
"I am not the most experienced person when it comes to Thai food, but my friend who took me there is.",Thai food,neutral,2
"A gentleman, maybe the manager, came to our table, and without so much as a smile or greeting asked for our order.",table,neutral,2
"I wasn't there for the Half-Price Saturday Night Special, but Tuesday Night.",Half-Price Saturday Night Special,neutral,2
"While we enjoyed the food, we were highly disappointed by the poor service (waiter was not quite competent and SLOW service) and lack of remorse.",service,negative,1
"they didn't disappoint, service from the second i arrived at the door was extremely pleasant and attentive with almost one server per table.",service,positive,0
"The spicy tuna roll was unusually good and the rock shrimp tempura was awesome, great appetizer to share!",spicy tuna roll,positive,0
"The quantity is also very good, you will come out satisfied.",quantity,positive,0
"The restaurant is dark and not very attractive and then you have spot lights shining on you putting you in the worst light possible, reaching for sunglasses.",spot lights,negative,1
The service was excellent and the food was delicious.,food,positive,0
This is one of the best comfort food places in the city.,comfort food,positive,0
The appetizers are just OK and the main courses were decidedly subpar.,appetizers,neutral,2
The wine selection (by the glass and bottle) is wonderful and I always recommend that friends make a reservation if they're going to be in town.,wine selection,positive,0
"Oh, and the complimentary pudding dessert was just enough- yummy!",pudding dessert,positive,0
"Chance is a small cozy restaurant, with a romantic feel to it, the decor is great.",decor,positive,0
"So much more than the usual bar food, go there to enjoy the menu while sampling one of their hand-crafted beers.",bar food,positive,0
"When you're sitting in their main dining room (which has a spectacular, hand-painted high ceiling) you'd never know there was a world outside.",main dining room,positive,0
Try the olive cream cheese or the lox spread on a whole wheat everything bagel.,bagel,neutral,2
The food is awesome - definitely try the striped bass.,striped bass,positive,0
"The wine is always good, the tapas are always yummy, especially with the warm pita bread.",wine,positive,0
"First off, the waitress was completely unattentive the 2 times we saw her(odd in a restaurant with 6 tables) and got our order wrong.",tables,neutral,2
"Anyway, the food is good, the price is right and they have a decent wine list.",wine list,positive,0
Decent wine selection too.,wine selection,positive,0
"The waitstaff are all very busy, it's not outstanding service, but I've never been dealt with rudely.",service,conflict,3
"The decor is vibrant and eye-pleasing with several semi-private boths on the right side of the dining hall, which are great for a date.",dining hall,positive,0
I can't believe people complain about no cheese sticks?,cheese sticks,neutral,2
"The food inludes famous scrumptious bombay style chaat such as bhelpuri, sevpuri and samosa chaats, as well as other great indian appetizers.",bombay style chaat,positive,0
"It's not mind-blowing, but to me, thai food never is and never will be.",thai food,neutral,2
Highly recommended is the Spicy Fried Clam Rolls and Spider Rolls.,Spicy Fried Clam Rolls,positive,0
"I've had the chicken with garlic sauce, chicken with black bean sauce, and hunan chicken.",chicken with black bean sauce,neutral,2
"The photobook menu was a cute touch, certainly helped my group and I pick the fried chicken, pork chop, and noodle dishes that we all ordered.",menu,positive,0
"I like the somosas, chai, and the chole, but the dhosas and dhal were kinda dissapointing.",somosas,positive,0
"However, they've got the most amazing pastrami and the soups hit the spot.",pastrami,positive,0
"I like Mamoun's food as well, but side by side, Kati Rolls just produce tastier food hands down.",food,positive,0
"We didn't even see a menu, as our waiter described both the specials and the main dishes.",waiter,positive,0
"During the course of the past 3 months, the chef and staff changed and it was not for the better.",staff,negative,1
The food was average or above including some surprising tasty dishes.,food,positive,0
The hostess and the waitress were incredibly rude and did everything they could to rush us out.,waitress,negative,1
"The sushi has been from average to below average, the wait service has always been sub-par the atmosphere goes from nice to really irritating (if you sit in the area beyond the kitchen, the acousitcs are horrid, everything echoes is extremely loud).",sushi,negative,1
"Staffs are not that friendly, but the taste covers all.",Staffs,negative,1
"Great food, great prices, great service.",food,positive,0
Dahkin also offers prix fixe lunch and buffet.,prix fixe lunch,positive,0
"Both times I was extremely dissappointed by the service, which was boarderline rude.",service,negative,1
"With the great variety on the menu , I eat here often and never get bored .",menu,positive,0
We were planning to get dessert but the waitress basically through the bill at us before we had a chance to order.,waitress,negative,1
"Over the years, it has always provided a pleasurable dining experience with quality food and wine.",food,positive,0
"While I quite liked the food and the ambience, I'm not quite sure if it they really deserve it the Michelin rating they have displayed so prooudly in the window.",ambience,positive,0
"Stick to dimsum, not super overpriced noodles.",dimsum,positive,0
The bill is approximately $25 for 2 at lunch without drinks.,drinks,neutral,2
"I only tried a simple dish of spinach ravioli in a light oil and garlic sauce, but it actually faired better than most NYC Italian joints I've tried similar dishes at.",dishes,neutral,2
"The have over 100 different beers to offer thier guest so that made my husband very happy and the food was delicious, if I must recommend a dish it must be the pumkin tortelini.",pumkin tortelini,positive,0
"Besides having the table we had been promised given to other restaurant patrons twice before we were actually seated, we were served dishes we hadn't ordered three times, received one of our orders 20 minutes after the rest of the table had been served (and that order was undercooked), and charged $45 more than we should have been on our bill.",dishes,negative,1
The server was really cool and served us our food and drinks with a smile.,drinks,neutral,2
"But, nothing stands out about the cooking.",cooking,neutral,2
I recommend this spot to anyone who enjoys  fine cuisine at reasonable prices.,cuisine,positive,0
The service is awful--the last time I was there (and I do mean the last time) we were told that they needed our table so we would have to leave.,table,negative,1
They have a very diverse menu so its something for everybody.,menu,positive,0
"Besides having the table we had been promised given to other restaurant patrons twice before we were actually seated, we were served dishes we hadn't ordered three times, received one of our orders 20 minutes after the rest of the table had been served (and that order was undercooked), and charged $45 more than we should have been on our bill.",served,negative,1
It's just O.K. pizza.,pizza,neutral,2
The pizza is delicious and the proprietor is one of the nicest in NYC.,pizza,positive,0
Simple comfort food and what hot and lage portions.,comfort food,positive,0
But the staff was so horrible to us.,staff,negative,1
"Plus, when our entrees were held up in the kitchen on a busy Saturday night, the owner sent over complimentary summer rolls to hold us over!",owner,positive,0
"I don't know about you guys, but when I go somewhere to eat I go for the food not for the atmosphere.",atmosphere,neutral,2
"From the entrees to the sides to the drinks, everything was creatively prepared yet still simple.",drinks,positive,0
Good for casual dinner with jeans and sneakers.,casual dinner,positive,0
Turned out there was full service upstairs and sat down.,service,positive,0
I've dined at Alain Ducasse's restaurant in Monte Carlo for half the price for the same excellent dining experience.,price,positive,0
"Leon is an East Village gem: casual but hip, with well prepared basic French bistro fare, good specials, a warm and lively atmosphere.",French bistro fare,positive,0
"It's really also the service, is good and the waiters are friendly.",waiters,positive,0
The all you can eat deal is truly amazing here.,all you can eat deal,positive,0
"but when we looked at the menu, there weren't a lot of choices, most of them were dumplings in the appetizer section.",menu,negative,1
I've had pizza both times and the caprese salad appetizer.,caprese salad appetizer,neutral,2
kalbi and nebbiolo do work together.,nebbiolo,neutral,2
Fish is so very fresh.,Fish,positive,0
"The service, wine selection, ambiance are all outstanding and deserve recognition.",ambiance,positive,0
My wife and I ate here earlier this week and have not stopped ranting and raving about the food.,food,positive,0
"We ordered the chicken casserole, but what we got were a few small pieces of chicken, all dark meat and on the bone.",chicken casserole,negative,1
We won't go to this place again for a good meal.,meal,negative,1
"Friendly and informative staff, very attentive and prompt raw bar service.",bar service,positive,0
The soup for the udon was soy sauce and water.,water,neutral,2
"The chicken pot pie is excpetiona, the cheeseburger huge and delictable, and the service professional wan warm.",service,positive,0
Went there and had a combination of different seafood dishes and appetizers.,seafood dishes,neutral,2
"From the entrees to the sides to the drinks, everything was creatively prepared yet still simple.",sides,positive,0
"Just because it's cheap does NOT mean the portions are small or the food is nasty, IT IS GREAT!",food,positive,0
"Don't dine at Tamarind for the vegetarian dishes, they are simply not up to par with the non-veg selections.",non-veg selections,positive,0
"The highlight of the night was the mayonaisse for my side of fries I received from one of the food runners, which is not good considering the bill was nearly $100.",bill,negative,1
"Especially liked chicken tikka and the naan, and the dals.",chicken tikka,positive,0
"For all of you new to Indian food, try the Paneer Roll, it is a piece of heaven.",Paneer Roll,positive,0
"Decor is nice and minimalist, food simple yet very well presented and cooked, and the wine list matches the food very well.",wine list,positive,0
"The first time I went, and was completely taken by the live jazz band and atmosphere, I ordered the Lobster Cobb Salad.",atmosphere,positive,0
"Food was very good, but not what I would consider out of this world.",Food,positive,0
Best drumsticks over rice and sour spicy soup in town!,drumsticks over rice,positive,0
"Their sushi, Kamikaze and other Rolls are fresh and well presented.",Kamikaze,positive,0
Succulent steaks cooked precisely to your desired 'doneness' accompanied by salads and sides that don't look like leafy road kill.,steaks,positive,0
The menu is limited but almost all of the dishes are excellent.,dishes,positive,0
"Great wine, great food.",wine,positive,0
I've dined at Alain Ducasse's restaurant in Monte Carlo for half the price for the same excellent dining experience.,dining,positive,0
Two words: Free wine.,wine,positive,0
The garlic mashed potatoes are hands down the best in the city!,garlic mashed potatoes,positive,0
"Average to good Thai food, but terrible delivery.",Thai food,positive,0
We both opted for a pasta dish and they were served timely and fresh.,served,positive,0
"My husband said the portions were very small, but if my main course was good to eat the portion would've been fine for me.",portion,positive,0
"The food was not very tasty, the portioins were tiny even for such a high quality restaurant.",portioins,negative,1
"The chicken parm was edible but had canned tomato sauce and boxed pasta and the chicken with portobello mushrooms consisted of dry, inedible chicken with terrible sauce.",chicken with portobello mushrooms,negative,1
"Very romantic fires - I've literally spent hours at Lanterna, drinking wine from their extensive wine and enjoying the ambience.",wine,positive,0
If I wanted to deal with a crappy scene and annoying customers I'd go out in Manhattan.,scene,negative,1
"The place is larger than most and features adequate seating unlike most joints, and has a bar which deserves a mention.",seating,positive,0
Appetizers are somewhere around $7 each and the main dishes are between $11 and $16.,Appetizers,neutral,2
Both times we waited well over a half hour for a table (even though we had reservations).,reservations,negative,1
I started out with a Bombay beer which was big enough for two.,Bombay beer,positive,0
I keep my fingers crossed the whole subway ride hoping that there will be a table I can sit at by myself and not have to share with the rice congee soup people.,rice congee soup,neutral,2
Authentic Pakistani food.,Pakistani food,positive,0
"The large selection of bruschettas, paninis, tramezzinis keep the palate from stagnating.",bruschettas,positive,0
Although we were looking for regular lettuce and some walnuts the salads we got were great.,lettuce,neutral,2
"The waitress remembers me and is very friendly, she knows what my regular is and that's the fried mini buns with the condensed milk and the assorted fruits on beancurd.",fried mini buns with the condensed milk and the assorted fruits on beancurd,positive,0
Example is the soup which was about 6 oz for $12 dollars and the mushrooms where $12 for about 1oz.,soup,positive,0
"The noise level was unbearable, conversation impossible.",noise level,negative,1
"The first 2 courses were very good, but the chocolate sampler was too rich for me and the dessert wine far too sweet.",courses,positive,0
"Solid wine list, knowledgeable staff, friendly owners and an adventurous, ever-changing menu keep us coming back.",wine list,positive,0
I was back-to-back with the diner at the table behind me and wait staff had to hoist trays over our heads as they squeezed past us again and again.,wait staff,negative,1
Lived in Shanghai most of my life and thought the food was comparable to the flagship Green Bo restaurant there.,food,positive,0
The food was average or above including some surprising tasty dishes.,dishes,positive,0
"Had we been stalling I could understand where they were coming from, but we had been there less than an hour and they hadn't even brought us a check yet!",check,negative,1
Awsome Pizza especially the Margheritta slice.,Margheritta,positive,0
"The staff is accomodating, the ambiance is exciting and yet relaxed, and the food is out of this world!",ambiance,positive,0
"If you're looking for a great meal at a decent price, go to Del Frisco's!",price,positive,0
"The portions are now very small, the sauces are overly-ambitious usually inedible while the service is still good, the restaurant, due to its popularity, seems frantic.",sauces,negative,1
"still stay away, the table next to us walked out after my table and aanother were serves eventhough they were there much longer...",serves,negative,1
"The highlight of the night was the mayonaisse for my side of fries I received from one of the food runners, which is not good considering the bill was nearly $100.",mayonaisse,negative,1
The only disappointment was the coat check girls who didn't seem to know what a customer is on a realtively non-busy night (for the coat check girls).,coat check girls,negative,1
"I'm no food critic, but I'd like to think I have a tiny bit of experience under my belt having lived in NY for the last 11 years.",food,neutral,2
"Had 1 appetizer, 2 entrees and 2 cokes and the bill was ~$55.00, not including tip.",cokes,neutral,2
"The decor is nice, but more casual than fine dining.",decor,conflict,3
"The crust is thin, the ingredients are fresh and the staff is friendly.",crust,positive,0
I would highly recommend Nina's to anyone who wants to have a romantic dinner in a heart warming surrounding filled with candles and family pictures.,pictures,positive,0
"From the appetizers we ate, the dim sum and other variety of foods, it was impossible to criticize the food.",food,positive,0
"The Pad Thai is excellent here, as well.",Pad Thai,positive,0
"Delicious food, excellent service, and a pretty atmosphere make this a great choice for dinner and the $5.99 lunch buffet makes it an even better choice for lunch!",dinner,positive,0
What an amazing meal and experience!,meal,positive,0
The one vegetarian entree (Abby's treasure) was actually quite a surprise - it was delicious and had wintermelon covering an assortment of fresh mushrooms and vegetables.,assortment of fresh mushrooms and vegetables,positive,0
"Great food, great lay out and awesome service.",lay out,positive,0
"With so many good restaurants on the UWS, I don't need overpriced food, absurdly arrogant wait-staff who don't recognize they work at a glorified diner, clumsy service, and management that doesn't care.",wait-staff,negative,1
"Good atmosphere, combination of all the hottest music dress code is relatively strict except on Fridays.",atmosphere,positive,0
I recommend the meatballs and caprese salad and the beans on toast were a wonderful start to the meal!,meatballs,positive,0
This is the pinnacle of Indian Fast Food (all fast foods in my opinion).,Indian Fast Food,positive,0
"Service is friendly, prices are good - delivery time was a little slow, but for the way this pizza tastes, I'm willing to overlook it.",delivery time,negative,1
it's the only place you can get yummy authentic japanese comfort food.,japanese comfort food,positive,0
"It may be a bit packed on weekends, but the vibe is good and it is the best French food you will find in the area.",French food,positive,0
"I LOVE their spicy scallop roll, and my boyfriend consistently gets the sesame chicken.",scallop roll,positive,0
"Even with the prix fixe pricing, this restaurant is not worth it.",prix fixe pricing,conflict,3
The makhani was OK --the korma was bland.,korma,negative,1
"I can't wait for summer, when they serve outside on their gigantic patio.",patio,positive,0
All in all the food was above average and I would return to see how they operate with four or less dinners.,dinners,neutral,2
I do not recommend lunch specials just because it tasts the same with other regular chinese restaurant.,lunch specials,negative,1
I LOVED THE SHOWS.,SHOWS,positive,0
"I am not a vegetarian but, almost all the dishes were great.",dishes,positive,0
they were able to squeeze me in at 6 after i called the night before my anniversary for a friday night reservation and told me they'd treat us well for the occasion.,reservation,neutral,2
"Next time, we wouldn't dare ordering anything else other than some simple Asian appetizers and drinks.",Asian appetizers,positive,0
"Disappointing food, lousy service.",food,negative,1
"Also, don't plan on asking for your favorite roll, if it's not on the menu, you can't have it.",roll,negative,1
The service was friendly and the atmosphere was casual.,service,positive,0
"I went at 6:00 PM specifically for the pre-theater menu ($19.95 for roasted tomato soup with chevre, steak frites, creme brulee) and it was marvelous.",pre-theater menu,positive,0
The Prix Fixe menu is worth every penny and you get more than enough (both in quantity AND quality).,quality,positive,0
"($200 for 2 glasses of champagne, not too expensive bottle of wine and 2 after dinner drinks).",glasses of champagne,negative,1
I love to visit Murrays for my bagel fix.,bagel,positive,0
The food is a diamond in rough -- the food is delicious and homemade with the perfect balance of herbs and tomatoes.,tomatoes,positive,0
"Great spot, whether looking for a couple of drinks or quiet dinner.",spot,positive,0
"If presentation and service is your thing, then this magic show works.",service,positive,0
"The staff is excellent, specjal: that girl behind the bar, european chic.",staff,positive,0
I had the duck breast special on my last visit and it was incredible.,duck breast special,positive,0
We had champagne and caviar and felt like princesses!,caviar,positive,0
I just wonder how you can have such a delicious meal for such little money.,meal,positive,0
I won't go back unless someone else is footing the bill.,bill,negative,1
I love the fact that the pizza tastes so good and is so cheap.,pizza,positive,0
"This place, however, has a lot less pretension than Joya and the Thai food is still above-average.",place,positive,0
In reality (to maximize potential diners) they were still taking phone reservations and reallocating tables of those waiting in the lobby.,lobby,neutral,2
I also recommend the rice dishes or the different varieties of congee (rice porridge).,congee (rice porridge),positive,0
"Excellent atmosphere, delicious dishes good and friendly service.",dishes,positive,0
"Spice is great Thai food, love the inexpensive appetizers.",Thai food,positive,0
The food was delicious and the waiter was incredibly helpful and attentive (considering we were the only ones there for the first hour).,food,positive,0
A cool place to hang with your friends for a couple of healthy drinks and desserts.,desserts,positive,0
"The plain slice is great and if you get toppings, the whole slice is topped with them, not sparsely sprinkled on like some places.",toppings,positive,0
The takeout is great too since they give high quality tupperware as well.,takeout,positive,0
"The menu looked good, except for offering the Chilean Sea Bass, but the server does not offer up the specials that were written on the board outside.",server,negative,1
"Pizza - the only pizza in NYC that should not have additional toppings - the crust tastes like the best, freshly baked bread!",Pizza,positive,0
"Pizza - the only pizza in NYC that should not have additional toppings - the crust tastes like the best, freshly baked bread!",toppings,neutral,2
"The service was poor, restaurant poorly lit, staff not very attentive and I would have rather eaten at a Mcdonald's than this joint.",service,negative,1
"You don't go to Mizu for excellent service, you go for the large amounts of food, the amiable atmosphere, and the hole-in-the-wall feeling of the place.",atmosphere,positive,0
What came to our table was burned beyond recognition and stringy.,table,neutral,2
Tell them Herky sent you and get a free confused look from the waiter.,waiter,negative,1
"This wasn't the expected menu comprised only of pad thai and tom yum soup, but I thought that was what made the place so special.",menu,neutral,2
The place is small and cramped but the food is fantastic.,place,negative,1
"Upon entering, we were greeted by the owners, Steven and Frederick, who went out of their way to be more than gracious hosts.",hosts,positive,0
"With the exception of our lemon salad that had so much pepper on it that our eyes started watering, the food here was decent, not great.",pepper,negative,1
"Yes, there might be a wait if you have no reservations.",wait,negative,1
"An oasis of refinement:  Food, though somewhat uneven, often reaches the pinnacles of new American fine cuisine - chef's passion (and kitchen's precise execution) is most evident in the fish dishes and soups.",Food,conflict,3
Interesting other dishes for a change include chicken in curry sauce and salmon caserole.,chicken in curry sauc,positive,0
very good breads as well.,breads,positive,0
"I recommend the jelly fish, drunken chicken and the soupy dumplings, certainly the stir fry blue crab.",jelly fish,positive,0
"Orsay, is a very pleasnt throw back to traditional French food, and French service as well.",service,positive,0
And really large portions.,portions,positive,0
Our tiny table for two (dinner plates hung over edge) was right in the middle of one of the lanes of waiter traffic.,table,negative,1
I had the Pad Thai and the noodles were sticky.,Pad Thai,negative,1
No free drink.,drink,neutral,2
"You rarely have to wait for a seat and the currys (masaman, green, red) are full of flavor and come super spicy if you ask for it.","currys (masaman, green, red)",positive,0
My fiance took me to Scopa last week for my birthday and I couldn't believe the food.,food,positive,0
Why make a reservation if you aren't going to keep it?,reservation,negative,1
Salads are a delicious way to begin the meal.,Salads,positive,0
"We actually gave 10% tip (which we have never done despite mediocre food and service), because we felt totally ripped off.",service,neutral,2
"When my dessert came, there was a candle in it - not because anyone asked for one - but because the waiter must have seen me opening my birthday card and gift, and said he knew it was a special occassion of some sort.",dessert,neutral,2
"Aside from the Sea Urchin, the chef recommended an assortment of fish including Fatty Yellow Tail, Boton Shrimp, Blue Fin Torro (Fatty Tuna), Sea Eel, etc.",Boton Shrimp,neutral,2
"The view is spectacular, and the food is great.",view,positive,0
Interesting other dishes for a change include chicken in curry sauce and salmon caserole.,dishes,positive,0
The table next to us asked if he crushed the grapes himself when their long overdue bottle of wine finally arrived.,grapes,neutral,2
We had the scallops as an appetizer and they were delicious and the sauce was wonderful.,appetizer,positive,0
"Each table has a pot of boiling water sunken into its surface, and you get platters of thin sliced meats, various vegetables, and rice and glass noodles.",rice,neutral,2
"The wait here is long for dim sum, but if you don't like sharing tables or if the typical raucous dim sum atmosphere is not your gig, this is a sleek (for Chinatown) alternative.",wait,negative,1
"If it isn't for the food (A+++), it must be the service or the ambience.",ambience,positive,0
"We a menu that rearely changes,e xcept for one or two specials, the quality and care they put in thier food in evident.",quality,positive,0
we were seated at the sushi bar in front of yasuda.,sushi bar,neutral,2
Located at the end of a magnificent block.,Located,positive,0
"It might have been a little too spicy for my friend, which you can couteract with eat more rice and keeping water on hand.",rice,neutral,2
"The only weird thing was if we got a bottle, the waitress would have simply multiplied the glass price X4, which makes no sense whatsoever.",bottle,neutral,2
We saw them heating up at least one frozen item though I'm not sure which dim sum dish it was.,dim sum dish,negative,1
We were seated outside and the waiter spilled red wine and hot tea on myself and my date.,hot tea,neutral,2
Our server checked on us maybe twice during the entire meal.,server,negative,1
Although we were looking for regular lettuce and some walnuts the salads we got were great.,salads,positive,0
"You rarely have to wait for a seat and the currys (masaman, green, red) are full of flavor and come super spicy if you ask for it.",flavor,positive,0
There is also very limited seating and there can be a substantial wait in getting food at peak times.,food,neutral,2
Although be warned their dinner menu to sit and take out prices are different.,dinner menu to sit,neutral,2
We ordered some beef and noodle soup dishes from the Thai section of the menu but nothing we got was Thai.,menu,negative,1
"My entree of hot pot with seafood was full of imitation crabmeat with a couple pieces of shrimp and squid, and was unnecessarily heated with a burner.",crabmeat,negative,1
Great bagels made the old-fashioned way.,bagels,positive,0
just got back from lunch at Tamarind and it was excellent.,lunch,positive,0
"The first 2 courses were very good, but the chocolate sampler was too rich for me and the dessert wine far too sweet.",chocolate sampler,negative,1
The service was excellent and the food was delicious.,food,positive,0
I recommend this place to everyone who asks me where to go for a good meal.,meal,positive,0
Service and food is what any one would expect when spending that type of money.,Service,neutral,2
We were a group of 8 and well seved.,seved,positive,0
Price and quality of fish alone will keep us from making a return visit.,Price,negative,1
"First the wrong bread came out with the appetizer, then when i tried to order a second glass of wine for my main course...",glass of wine,neutral,2
THe Pizza and wine were excellent-the service too--but what really MADE this place was the backyard dining area.,wine,positive,0
"They did not have mayonnaise, forgot our toast, left out ingredients (ie cheese in an omelet), below hot temperatures and the bacon was so over cooked it crumbled on the plate when you touched it.",cheese,neutral,2
The only disappointment was the coat check girls who didn't seem to know what a customer is on a realtively non-busy night (for the coat check girls).,coat check girls,negative,1
My husband and I have been there a couple of times and each time we sat at the sushi bar (chef Yoshi) and ordered everything ala carte.,chef,neutral,2
The tuna and wasabe potatoes are excellent.,wasabe potatoes,positive,0
The food was great and the service was even better.,food,positive,0
The dim sum is delectable while the prices are quite easy on the wallet.,dim sum,positive,0
"For many people, this may not seem like Aunthentic Thai food because most places in NYC arent quite authentic.",Thai food,negative,1
"The atmosphere is unheralded, the service impecible, and the food magnificant.",atmosphere,positive,0
It is kinda nosiy and the tables are close together but it's still a beautiful place to enjoy a nice dinner.,place,positive,0
I highly recommend Caviar Russe to anyone who wants delicious top grade caviar and fantastic service.,service,positive,0
The seats are uncomfortable if you are sitting against the wall on wooden benches.,seats,negative,1
I have been to spice three times- twice during lunch and once at dinner.,dinner,neutral,2
Monday nights are a bargain at the $28 prix fix - this includes a three course meal plus *three* glasses of wine paired with each course.,course,neutral,2
The food was lousy - too sweet or too salty and the portions tiny.,portions,negative,1
"If you are someone who appreciates simplicity, elegance, and wonderfully presented and tasting seafood and vegetables regardless of portion size, Kai is your place.",seafood,positive,0
I highly recommend visiting this restaurant and having dinner and drinks!,drinks,positive,0
"Not only was the food outstanding, but the little 'perks' were great.",perks,positive,0
Kosher dills are the perfect compliment for your unforgetable sandwich and they give you plenty of them.,sandwich,positive,0
"The food inludes famous scrumptious bombay style chaat such as bhelpuri, sevpuri and samosa chaats, as well as other great indian appetizers.",indian appetizers,positive,0
The waiter actually poured water on my hand and walked away.,water,neutral,2
Try the sea bass.,sea bass,positive,0
Best Taiwanese food in NY!,Taiwanese food,positive,0
We usually just get some of the dinner specials and they are very reasonably priced and very tasty.,dinner specials,positive,0
I would highly recommend this place to anyone looking for a casual atmosphere that whisks you away to the left bank of the river Seine.,atmosphere,positive,0
"With so many good restaurants on the UWS, I don't need overpriced food, absurdly arrogant wait-staff who don't recognize they work at a glorified diner, clumsy service, and management that doesn't care.",service,negative,1
"While this isn't classical restaurant fare, the chef has given new life to an old cuisine with some really innovative and tasty dishes that are genuinely Indian without being heavy or same old restaurant burn-outs.",dishes,positive,0
"The service, wine selection, ambiance are all outstanding and deserve recognition.",wine selection,positive,0
The soup for the udon was soy sauce and water.,soy sauce,neutral,2
"Waiters tend to forget drinks completely, food portions are so tiny, two people have trouble sharing one entree.",drinks,neutral,2
"Went on a 3 day oyster binge, with Fish bringing up the closing, and I am so glad this was the place it O trip ended, because it was so great!",oyster,neutral,2
"The food is very good too but for the most part, it's just regular food, nothing special.",food,positive,0
I would highly recommand requesting a table by the window.,table by the window,positive,0
"Small servings for main entree, i had salmon (wasnt impressed) girlfriend had chicken, it was good.",servings,negative,1
The restaurant looks out over beautiful green lawns to the Hudson River and the Statue of Liberty.,lawns,positive,0
The owner truly caters to all your needs.,owner,positive,0
Frites were delicious if a bit on the thick side.,Frites,positive,0
The quail was fantastic and unique and the pastas were full of flavor.,flavor,positive,0
"They did not have mayonnaise, forgot our toast, left out ingredients (ie cheese in an omelet), below hot temperatures and the bacon was so over cooked it crumbled on the plate when you touched it.",toast,negative,1
Don't eat here unless you're starving for thai food and you work next door.,thai food,negative,1
I have to say I have never had a disapointing meal here.,meal,positive,0
I have been coming here for years and have nothing but good things to say about the service and the great staff at La Lanterna.,staff,positive,0
Our agreed favorite is the orrechiete with sausage and chicken (usually the waiters are kind enough to split the dish in half so you get to sample both meats).,waiters,positive,0
"When going out for a nice dinner, I like a nice ambiance as well as very good food.",food,positive,0
"Good crowd, good outdoor seating, with a hip japanese vibe.",outdoor seating,positive,0
"Great spot, whether looking for a couple of drinks or quiet dinner.",dinner,positive,0
"The ambience is pretty and nice for conversation, so a casual lunch here would probably be best.",ambience,positive,0
"The food was just OK, at least for what food was available.",food,negative,1
"Really though, where's the seasoning?",seasoning,negative,1
"I choose to go with one of the special, the braised lamb shank in red wine, which was excellent.",special,positive,0
Le Pere Pinard has a $15 pre-theater menu that is outstanding.,pre-theater menu,positive,0
If you want good authentic Thai this place is not the place to go.,Thai,negative,1
"This place, however, has a lot less pretension than Joya and the Thai food is still above-average.",Thai food,positive,0
Very good service and very good prices.,service,positive,0
"My husband said he could've eaten several more, the portion was fine for me he even exclaimed that the french fries were the best he has had.",portion,conflict,3
It is also extremely well priced.,priced,positive,0
"Everything is excellent, the menu is quite extensive, and you eat with a view on both sides of the city.",menu,positive,0
The food was great.,food,positive,0
Our tiny table for two (dinner plates hung over edge) was right in the middle of one of the lanes of waiter traffic.,waiter traffic,negative,1
"The food is delicious - from the specials to the regular menu-fare, the dishes are never a disappointment.",specials,positive,0
"Great friendly service, Fast seating, Fast Delivery, Excellent sushi.",sushi,positive,0
"The best part of the experience was knowing that the manager (a bubbly, friendly young woman with a great smile) truly cared about how we were doing.",manager,positive,0
"Dip the ingredients in with your chopsticks, swirl them around, and eat.",chopsticks,neutral,2
Service was prompt and courteous.,Service,positive,0
"The vibe is very relaxed and cozy, service was great and the food was excellent!",service,positive,0
"THe back garden sitting area is very pleasant, where you can see their personal herb garden.",personal herb garden,positive,0
"Sure, the setting is nice.",setting,positive,0
I have lived in Japan for 7 years and the taste of the food and the feel of the restaurant is like being back in Japan.,feel,positive,0
"Besides, when you have bad service, that's less money you have to tip.",service,negative,1
20 minutes for our reservation but it gave us time to have a few cocktails and enjoy our surroundings and each other.,reservation,negative,1
"We could not catch our waiter's eye, and he ignored us.",waiter,negative,1
A Thai restaurant out of rice during dinner?,rice,neutral,2
Reasonable prices.,prices,positive,0
skip dessert.,dessert,negative,1
They smell like they stuff them with old canned vegetables like the spinach mushroom calzone.,canned vegetables,negative,1
Food doesn't appear to be cooked on premisis but there's a high turnover so its pretty fresh.,Food,conflict,3
"Our waiter was fine, the place looks nice in that not-trying-too-hard way, but at those prices, a little more should be expected of your food.",waiter,positive,0
"However, in the summer of 2003, it seems the management has changed and the great big door has been replaced for a glass front ridding itself of the dark romantic getup.",management,neutral,2
"While we thoroughly enjoyed the food, it was annoying to scream across the table for conversation.",food,positive,0
"My friends and I experienced amazing cheese and a delicious, new summer menu at Artisanal last night.",menu,positive,0
"It took half an hour to get our check, which was perfect since we could sit, have drinks and talk!",drinks,neutral,2
"It costs $2 extra to turn a regular roll into an inside-out roll, but the roll more than triples in size, and that's not just from the rice.",roll,negative,1
My husband and I have been there a couple of times and each time we sat at the sushi bar (chef Yoshi) and ordered everything ala carte.,sushi bar,neutral,2
"The Halibut was too salty, dessert was so so (don't waste any of your calories) and service was poor.",dessert,neutral,2
"Great wine selection, Gigondas is worth the price, and the house champagne is a great value.",wine selection,positive,0
The price was extremely reasonable for the appetizers and food we ate.,appetizers,positive,0
"Try the mediterranean salad, it is a true experience for your taste buds!!",mediterranean salad,positive,0
"Considering their price of $6.25 for lunch special, the dish was ridiculously small.",lunch special,negative,1
"My husband had the mesclun, salmon, and ice cream and he enjoyed all 3 courses.",ice cream,positive,0
"The seafood is amazing, there's a good wine list, and the ever-changing menu always offers some great surprises.",wine list,positive,0
"When going out for a nice dinner, I like a nice ambiance as well as very good food.",dinner,positive,0
"From beginning appetizers, the scallops were incredible, to the delicious chocolate souffle with rasberry mint sorbet, we were delighted by the taste sensations.",scallops,positive,0
"try the spicy shrimp appetizer (again, not the greatest value in the world but worth the price) and the lamb vindaloo is great.",price,conflict,3
This is one great place to eat pizza more out but not a good place for take-out pizza.,take-out pizza,negative,1
The portions are large and the servers always surprise us with a different starter.,starter,positive,0
I would definitely go back -- if only for some of those exotic martinis on the blackboard.,martinis,positive,0
This place is incredibly tiny.,place,negative,1
"The service is excellent, the decor is great, and the food is delicious and comes in large portions.",decor,positive,0
Just stick with the small dishes!,dishes,negative,1
"(food was delivered by a busboy, not waiter) We got no cheese offered for the pasta, our water and wine glasses remained EMPTY our entire meal, when we would have easily spent another $20 on wine.",pasta,negative,1
As always we had a great glass of wine while we waited.,glass of wine,positive,0
"The only positive was the wait staff, which was prompt, knowledgable, and likeable.",wait staff,positive,0
Ive asked a cart attendant for a lotus leaf wrapped rice and she replied back rice and just walked away.,rice,neutral,2
"The ambiance is minimal the food is not phenomenal, but some dishes are quite good, such as the eggplant parmesan, veal in carozza chicken saltimbocca.",food,negative,1
The bar has various selections and the mixed drink special is a catcher! 2 for 1's.,mixed drink special,positive,0
"Quality of food is excellent and price is cheap, stick to pork, fish, chicken, lamb and vegetables.",vegetables,positive,0
"sometimes i get bad food and bad service, sometimes i get good good and bad service.",service,negative,1
"But when you are seated the waitresses are great, they explain everything on the menu, and the price of the food is really cheap for the service you get.",menu,neutral,2
"$160 for 2 filets, 2 sides, an appetizer and drinks.",filets,neutral,2
"It may be a bit packed on weekends, but the vibe is good and it is the best French food you will find in the area.",packed,negative,1
For the next hour and a half we stood in the crowded lobby area of this touristy restaurant listening to all types of explanations of why we were not being seated.,lobby area,negative,1
From the moment you enter till the moment you walk out the friendly and helpful staff was was just Fantastic.,staff,positive,0
The only thing the waiters don't do for you is wipe your chin when you leave.,waiters,positive,0
But who says Murray's is anything about service.,service,neutral,2
All of my co-workers stated that the food was amazing and wondered why they hadn't heard about this place.,food,positive,0
"Ambience is so cute and quaint, good for business although we were there on vacation.",Ambience,positive,0
A great choice at any cost and a great deal.,cost,positive,0
Food and service was okay.,Food,neutral,2
Mizu is home to creative and unique rolls not to found anywhere else.,rolls,positive,0
This place has realy fresh sushi and a nice large menu of Japanese classic cuisine.,Japanese classic cuisine,positive,0
"Delicious food, excellent service, and a pretty atmosphere make this a great choice for dinner and the $5.99 lunch buffet makes it an even better choice for lunch!",lunch buffet,positive,0
Raga stands out with an interesting fusion of French and Indian cooking.,fusion of French and Indian cooking,positive,0
The server was really cool and served us our food and drinks with a smile.,served,positive,0
"No refills on fountain drinks, though.",fountain drinks,negative,1
"The food is yummy, especially their cooked-to-perfection mussels in spicy tomato sauce and their shoestring crispy fries.",food,positive,0
"Unfortunately, the food is outstanding, but everything else about this restaurant is the pits.",food,positive,0
The staff was too busy ordering sushi for dinner and then laying it out to eat on the bar to even bring me my check.,check,neutral,2
"The in-house lady DJ on Saturday nights has outrageously good taste in music, and moreover, takes requests.",in-house lady DJ,positive,0
We did have to wait at the bar for approx.,bar,neutral,2
After really enjoying ourselves at the bar we sat down at a table and had dinner.,dinner,neutral,2
The pizza is delicious and the proprietor is one of the nicest in NYC.,proprietor,positive,0
The service is fine and they allow you to enjoy the view.,view,positive,0
All we received was an apology as we left to see our show without dinner.,dinner,neutral,2
I think I've had some the best meals of my life at minnow.,meals,positive,0
"When we sat, we got great and fast service.",service,positive,0
"The svc can be a bit rude at times, esp if you have big group, but overall the restaurant is a must!",svc,negative,1
"We've been following chef Lyle's food around New York for 15 years and while remaining classic, his innovations with bistro fare have made us return and return.",food,positive,0
20 minutes for our reservation but it gave us time to have a few cocktails and enjoy our surroundings and each other.,cocktails,positive,0
"Good spreads, great beverage selections and bagels really tasty.",bagels,positive,0
"It is far more popular as a bar than as a restaurant, with only a few tables and the waiter being the bartender, but we greatly enjoyed the unobtrusive atmosphere.",tables,negative,1
"The vibe is very relaxed and cozy, service was great and the food was excellent!",vibe,positive,0
"We went here for lunch a couple of weeks ago on a Saturday, and I was thoroughly impressed with the food.",food,positive,0
The parathas and kebabs are made when ordered ensuring a level of freshness that is unsurpassed.,kebabs,positive,0
"We had crawfish boiled and despite making a mess, it was a ton of fun and quite tasty as well.",crawfish boiled,positive,0
"If you don't mind pre-sliced low quality fish, unfriendly staff and a sushi chef that looks like he is miserable then this is your place.",sushi chef,negative,1
And even with it's Pub atmosphere they were great to my kids too!,Pub atmosphere,conflict,3
"Besides having the table we had been promised given to other restaurant patrons twice before we were actually seated, we were served dishes we hadn't ordered three times, received one of our orders 20 minutes after the rest of the table had been served (and that order was undercooked), and charged $45 more than we should have been on our bill.",table,negative,1
The food looked very appetizing and delicious since it came on a variety of fancy plates.,plates,positive,0
"I must warn the reader that the portions sizes are very small (especially the appetizers), so if you plan to eat until you are full and do not intend to order the chef's special tasting menu, prepare to order and pay for an appetizer (1 dish for each person because the portions are not for sharing), a main entree, and the cold udon at the end of the meal.",appetizers,negative,1
The prices were CHEAP compared to the quality of service and food.,service,positive,0
"The food was amazing, the service was so attentive and personable, and how about that ambience!",ambience,positive,0
"The food was amazing, the service was so attentive and personable, and how about that ambience!",service,positive,0
"Their calzones are horrific, bad, vomit-inducing, YUCK.",calzones,negative,1
Our friendly server made great food suggestions and also sent both the sommelier and the fromager to the table to help suggest different pairings for wine and cheese.,server,positive,0
I always get the Shabu-Shabu dinner and the beef is always fresh.,Shabu-Shabu dinner,neutral,2
"When going out for a nice dinner, I like a nice ambiance as well as very good food.",ambiance,positive,0
instead ordered an ice cold beer which to me works with indian.,beer,positive,0
The menu prices are a bit expensive for what you get in quality and portion size.,quality,negative,1
"Overall, not worth the money.",money,negative,1
The fish was not fresh and the rice tasted old and stale.,fish,negative,1
"I must warn the reader that the portions sizes are very small (especially the appetizers), so if you plan to eat until you are full and do not intend to order the chef's special tasting menu, prepare to order and pay for an appetizer (1 dish for each person because the portions are not for sharing), a main entree, and the cold udon at the end of the meal.",dish,negative,1
Until you realize that their five minutes is meaningless and your wait may be anywhere from two to twenty minutes it may be frustrating.,wait,negative,1
"When I saw that their website had a link to da Ciro in Napoli, I knew there was going to be good pizza!",pizza,positive,0
"Butter was melted, white wine warm, cheese oozing everywhere.",white wine,negative,1
"Besides having the table we had been promised given to other restaurant patrons twice before we were actually seated, we were served dishes we hadn't ordered three times, received one of our orders 20 minutes after the rest of the table had been served (and that order was undercooked), and charged $45 more than we should have been on our bill.",bill,negative,1
The Singapore Mai Fun had NO curry flavor whatsoever.,Singapore Mai Fun,negative,1
My biggest complaint was the un-tasty food although presented well.,food,conflict,3
"I haven't eat a lamb chop as delicious as that,the salads are really nice dressed with lemon and extra virgnin olive oil.",salads,positive,0
The hostess is rude to the point of being offensive.,hostess,negative,1
"With the exception of our lemon salad that had so much pepper on it that our eyes started watering, the food here was decent, not great.",food,neutral,2
"But don't ever order bacon late at nite (either platter or in sandwiches, for that matter don't from any take out place) as it is from the morning frying turns out hard almost like bacos, hurt my molars.",frying,negative,1
I loved everythig about it-especially the shows and actors.,shows,positive,0
She gets 10 for her excellent service and advice.,service,positive,0
Best Pastrami I ever had and great portion without being ridiculous.,Pastrami,positive,0
service was efficient courteous.,service,positive,0
Go here for a romantic dinner but not for an all out wow dining experience.,dining,positive,0
I recieved prompt service with a smile.,service,positive,0
"Tasty steak, pork loin, the works.",steak,positive,0
"Its a nice quiet location to go eat a good meal, relax, be able to talk and have a very good time.",meal,positive,0
"Had 1 appetizer, 2 entrees and 2 cokes and the bill was ~$55.00, not including tip.",bill,neutral,2
we came here on a crowded saturday night and were seated right away despite being 15 minutes late for our reservation.,reservation,neutral,2
"Everything, from the soft bread, soggy salad, and 50 minute wait time, with an incredibly rude service to deliver below average food.",wait,negative,1
"Shockingly easy to throw a group dinner here: simple contract, deposit only to hold the date the entire 2nd fl mezz for our grp of 20.",group dinner,neutral,2
The design and atmosphere is just as good.,atmosphere,positive,0
"The place is small and intimate and you may feel a little crowded, but the service is excellent and it's great for friends out, a romantic date, or a special occassion.",place,negative,1
I would highly recommend Nina's to anyone who wants to have a romantic dinner in a heart warming surrounding filled with candles and family pictures.,surrounding,positive,0
"Three courses - choices include excellent mussels, puff pastry goat cheese and salad with a delicious dressing, and a hanger steak au poivre that is out of this world.",salad with a delicious dressing,positive,0
As soon as my father lifted his pen from the check a chef appeared to usher us out.,check,neutral,2
"The atmosphere is nothing special, but it feels like a Sushi establishment in Tokyo.",atmosphere,neutral,2
"The chicken parm was edible but had canned tomato sauce and boxed pasta and the chicken with portobello mushrooms consisted of dry, inedible chicken with terrible sauce.",tomato sauce,negative,1
"If you want Americanized Chinese food with your usual watery, generic white sauce, this is your place.",white sauce,negative,1
"The Pastrami sandwich was like buttah and with pickles and an icy cold beer to wash it down, it was a pleasurable experience.",beer,positive,0
"This place doesn't compare with Mamoun's in terms of price, freshness, value, and consisent quality, but that's just my opinion.",value,negative,1
The food was mediocre at best but it was the horrible service that made me vow never to go back.,food,neutral,2
"The dinner was ok, nothing I would have again.",dinner,negative,1
"Good, dark atmosphere and the music is a nice touch.",music,positive,0
We were planning to get dessert but the waitress basically through the bill at us before we had a chance to order.,dessert,neutral,2
It looked like shredded cheese partly done - still in strips.,shredded cheese,negative,1
Service is not what one would expect from a joint in this price category.,price category,negative,1
I got an excellent piece of cheesecake and we had several other nice pastries.,pastries,positive,0
Wine list is not huge but def well selected.,Wine list,conflict,3
Really tasty spring rolls and noodles for a good price though.,price,positive,0
If you like spicy food get the chicken vindaloo.,spicy food,neutral,2
"Good, because hey, it's more food, but bad because dim sum is supposed to be smaller portions so you can try out more dishes and smaller so that each dish is cheap.",dish,neutral,2
Price no more than a Jersey deli but way better.,Price,positive,0
"This place has the best interior I have seen anywhere in the northside of W'burg, and will impress whoever you bring there.",interior,positive,0
"Though you will undoubtedly be seated at a table with what seems like barely enough room (no matter what the size of your party), the warm atomosphere is worth the cramped quarters- you'll have fun and forgot about the tight spot you're in.",table,negative,1
"It saves walking in and waiting for a table in the often noisy, crowded bar at dinnertime.",table,negative,1
"The food arrived 20 minutes after I called, cold and soggy.",food,negative,1
Although they do the typical what kind of water would you like questions the service was good and overall very relaxing to place to eat.,service,positive,0
Their whitefish salad is excellent--all whitefish with a little mayo.,whitefish salad,positive,0
He was terribly thirsty after the meal too.,meal,negative,1
"Guacamole+shrimp appetizer was really great, we both had the filet, very good, didn't much like the frites that came with, but the filet was so good, neither of us cared.",filet,positive,0
"Quality ingredients preparation all around, and a very fair price for NYC.",ingredients,positive,0
"The Italian food has flavor (that can be sort of surprising on the UES), and the service turns from a nightmare to attentive,they sort of remind me of the NY Yankees of the late 90's, no matter how bad it look, you knew that there was a rally just around the corner...",Italian food,positive,0
The entertainment was great they have shows that go on through out the dinner.,shows,positive,0
"With the exception of our lemon salad that had so much pepper on it that our eyes started watering, the food here was decent, not great.",lemon salad,negative,1
"You get what you pay for and with that logic in mind, Spice is a great place to grab some cheap eats and drinks in a beautiful setting.",eats,positive,0
"While the new restaurant still features much of the same classical furniture that made Tiffin so attractive, the menu has been overhauled.",menu,negative,1
I would recommend putting your name down and then getting a drink at a local bar first though because of the wait time.,wait time,negative,1
"We ordered the chicken casserole, but what we got were a few small pieces of chicken, all dark meat and on the bone.",meat,negative,1
"Perhaps this food is considered extreme to an Upper East Side resident, but for the rest of us who've actually eaten ethnic food, this is simply dull.",ethnic food,negative,1
They used shredded cheese on top!,shredded cheese,neutral,2
The sweet lassi was excellent as was the lamb chettinad and the garlic naan but the rasamalai was forgettable.,lamb chettinad,positive,0
Total hipster-wannabe attitude in an otherwise sweet spot.,spot,positive,0
Waitstaff are very friendly.,Waitstaff,positive,0
"Looking around, I saw a room full of New Yorkers enjoying a real meal in a real restaurant, not a clubhouse of the fabulous trying to be seen.",clubhouse,negative,1
Stuffing yourself with Japanese food is a rare thing.,Japanese food,neutral,2
"Worse of all, $60 was erroneously added to our $80 bill.",bill,negative,1
"The decor is dark, cool and soothing, while the food's presentation is spectacular, considering the low prices.",prices,positive,0
I have never before eaten 40 pieces of relatively good nigiri.,nigiri,neutral,2
"The place is a little tight and on a cold day, the seating by the entranceway can be pretty drafty.",seating,negative,1
"The crust is thin, the ingredients are fresh and the staff is friendly.",ingredients,positive,0
The Prix Fixe menu is worth every penny and you get more than enough (both in quantity AND quality).,quantity,positive,0
The food is tasty and portion sizes are appropriate.,food,positive,0
"It costs $2 extra to turn a regular roll into an inside-out roll, but the roll more than triples in size, and that's not just from the rice.",roll,negative,1
"The bread and lamb chops I had before the meal were quite good, however.",bread,positive,0
Owner must have coem on this website to give himself credit.,Owner,neutral,2
"Meanwhile, the bartender continued to pour champagne from his reserve after we had finished our bottle and we enjoyed an amuse of turnip soup with pureed basil, gratis.",bartender,positive,0
"I had a terrific meal, and our server guided us toward a very nice wine in our price range, instead of allowing us to purchase a similarly priced wine that wasn't as good.",server,positive,0
Food was good and the view of the new york city skiline was terrific even on a foggy rainy day like that of when I went.,view,positive,0
"I found the food, service and value exceptional everytime I have been there.",service,positive,0
Went there with my wife and we had to wait for a table even though you could see there many that were empty with not reservation sigh on them.,table,negative,1
"Their eggplant is so delicate, sweet tender!",eggplant,positive,0
"You don't go to Mizu for excellent service, you go for the large amounts of food, the amiable atmosphere, and the hole-in-the-wall feeling of the place.",service,negative,1
Terrific menu full of unique rolls and special dishes.,menu,positive,0
"If you go to Roth's try to be served by Mike, he is GREAT!!",served,positive,0
"I stumbled upon this second floor walk-up two Fridays ago when I was with two friends in town from L.A. Being serious sushi lovers, we sat at the sushi bar to be closer to the action.",sushi bar,neutral,2
Threw my fiance's surprise 30th birthday dinner here couldn't be happier.,dinner,neutral,2
Our agreed favorite is the orrechiete with sausage and chicken (usually the waiters are kind enough to split the dish in half so you get to sample both meats).,meats,neutral,2
"Oh yes, and if you are a fan of Indian oldies film stars, there are plenty of portraits of Indian actors and actresses in classic black white that adorn the walls, some of which, I would love to know where they obtained.",portraits,positive,0
Right off the L in Brooklyn this is a nice cozy place with good pizza.,place,positive,0
"The place is sleek, modern and playfull and i will return again frequently.",place,positive,0
"To be completely fair, the only redeeming factor was the food, which was above average, but couldn't make up for all the other deficiencies of Teodora.",food,positive,0
Go to Volare for 1st class service and terrific food.,food,positive,0
"(food was delivered by a busboy, not waiter) We got no cheese offered for the pasta, our water and wine glasses remained EMPTY our entire meal, when we would have easily spent another $20 on wine.",food,neutral,2
The entertainment was great they have shows that go on through out the dinner.,entertainment,positive,0
The bagel was huge.,bagel,neutral,2
The price was extremely reasonable for the appetizers and food we ate.,food,positive,0
"Try the congee and the donut like deep fried dough they call Ow Ley Soh, a delicious and sweet tasting bread.",congee,positive,0
The prices are about $9 for an entree for dinner and even less for lunch.,lunch,positive,0
Such nice people working here - but I have to review the food.,food,neutral,2
"Besides having the table we had been promised given to other restaurant patrons twice before we were actually seated, we were served dishes we hadn't ordered three times, received one of our orders 20 minutes after the rest of the table had been served (and that order was undercooked), and charged $45 more than we should have been on our bill.",table,negative,1
"From the incredible food, to the warm atmosphere, to the friendly service, this downtown neighborhood spot doesn't miss a beat.",service,positive,0
The wine and cheese plate are plentiful and can't wait to try the fondue or table grilling.,table grilling,positive,0
"The food is uniformly exceptional, with a very capable kitchen which will proudly whip up whatever you feel like eating, whether it's on the menu or not.",kitchen,positive,0
Try the spicy wontons and the salt pepper shrimps.,spicy wontons,positive,0
Has the chef and owner changed???,chef,neutral,2
Plus they made a perfect martini.,martini,positive,0
I've never had bad service and the fish is fresh and delicious.,fish,positive,0
"Service was slow, but the people were friendly.",Service,negative,1
The wine list is extensive and can easily hike up an otherwise reasonably priced meal.,meal,positive,0
If I wanted to deal with a crappy scene and annoying customers I'd go out in Manhattan.,customers,negative,1
We were also seated promptly at the time of our reservation and the service was very quick and professional.,service,positive,0
"Overall I was impressed and will return, it's a great QPR (Quality to Price Ratio).",Price,positive,0
"Save your money and don't waste your calories, go to Margharita's on Washington Street instead, they have amazing food and the BEST service.",service,positive,0
Great staff.,staff,positive,0
"good music, great food, speedy service affordable prices.",prices,positive,0
"The bread is the soft paratha bread (unlike the plain bread they use in Calcutta), and the stuffing is tandoori styled and very flavorful.",stuffing,positive,0
The service was attentive.,service,positive,0
"The food is amazing, rich pastas and fresh doughy pizza.",food,positive,0
My husband and I have been there a couple of times and each time we sat at the sushi bar (chef Yoshi) and ordered everything ala carte.,ala carte,neutral,2
"We started with lox and mussels (the best ive ever had, ever) and had the cod and trout for dinner.",mussels,positive,0
"The ambience was nice, but service wasn't so great.",service,negative,1
"They did not have mayonnaise, forgot our toast, left out ingredients (ie cheese in an omelet), below hot temperatures and the bacon was so over cooked it crumbled on the plate when you touched it.",plate,neutral,2
Highly recommend this as great value for excellent sushi and service.,service,positive,0
"- for dessert we split chocolate cake and vanilla gelato (with espresso), which were tasty, but I thought a bit overpriced.",chocolate cake,conflict,3
I usually go there later at night when I get off work so I don't have to deal with crowds or lines.,lines,negative,1
Highly recommend this as great value for excellent sushi and service.,value,positive,0
"It's the perfect restaurant for NY life style, it got cool design, awsome drinks and food and lot's of good looking people eating and hanging at the pink bar...",bar,neutral,2
"I recommend the jelly fish, drunken chicken and the soupy dumplings, certainly the stir fry blue crab.",soupy dumplings,positive,0
"I've been to this restaurant more than a dozen times and when I'm craving for Pho, Lemon grass chicken or Beef Cube on rice, this is the place to go.",Lemon grass chicken,positive,0
"BUt their best dish is thh Thai spiced curry noodles with shrimp - a dish that would cost $23.95 is most places, but it is $16 here.",cost,positive,0
"Small servings for main entree, i had salmon (wasnt impressed) girlfriend had chicken, it was good.",chicken,positive,0
"I found the food, service and value exceptional everytime I have been there.",food,positive,0
Such nice people working here - but I have to review the food.,people,positive,0
The food was delicious and the waiter was incredibly helpful and attentive (considering we were the only ones there for the first hour).,waiter,positive,0
we came here on a crowded saturday night and were seated right away despite being 15 minutes late for our reservation.,seated,positive,0
Service was on par but not wonderful.,Service,conflict,3
"I went here with a friend on a whim, we went someplace else first and couldn't get a table.",table,negative,1
Service was very prompt but slightly rushed.,Service,conflict,3
"Order the panang duck, it's fantastic.",panang duck,positive,0
"I like the somosas, chai, and the chole, but the dhosas and dhal were kinda dissapointing.",dhosas,negative,1
"The food is wonderful, tasty and filling, and the service is professional and friendly.",service,positive,0
"Try the congee and the donut like deep fried dough they call Ow Ley Soh, a delicious and sweet tasting bread.",donut like deep fried dough they call Ow Ley Soh,positive,0
I ordered the chu chu curry and my friend ordered the pad thai chicken.,chu chu curry,neutral,2
"Had 1 appetizer, 2 entrees and 2 cokes and the bill was ~$55.00, not including tip.",appetizer,neutral,2
The sushi seemed pretty fresh and was adequately proportioned.,sushi,positive,0
My wife and I went to Orsay for Valentine's dinner.,dinner,neutral,2
The service is outstanding and my crab-cake eggs benedict could not have been better.,service,positive,0
"Great wine selection, Gigondas is worth the price, and the house champagne is a great value.",Gigondas,positive,0
Kind of a small place but I guess if they are not too busy might be able to fit a group or kids.,place,negative,1
You have to increase the service a lot.,service,negative,1
"Great food at REASONABLE prices, makes for an evening that can't be beat!",prices,positive,0
"If you can handle that, it's a great place for a business dinner, fun with friends or simply a table for 2.",business dinner,positive,0
I asked for an open faced cheese sandwich and the manager basically told me to take my business elsewhere!,manager,negative,1
The food is reliable and the price is moderate.,food,positive,0
"Service was warm and attentive, beef carpaachio was exellent (huge portion) and pasta was fresh and well-prepared.",portion,positive,0
"service is friendly, and never had a problem walking in and getting a table.",getting a table,positive,0
"The staff has been nice, but they seemed really stressed and the unisex bathroom needs to be cleaned more often.",staff,conflict,3
"I understand the area and folks you need not come here for the romantic, alluring ambiance or the five star service featuring a sommlier and a complicated maze of captain and back waiters - you come for the authentic foods, the tastes, the experiance.",sommlier,positive,0
"NO more reservations, expensive tips and annoying stuff.",tips,positive,0
Tuk Tuk is one of those comfortable neighborhood joints where you know you will always have a good meal at a fair price.,meal,positive,0
The pizza is good though.,pizza,positive,0
"You get what you pay for and with that logic in mind, Spice is a great place to grab some cheap eats and drinks in a beautiful setting.",drinks,positive,0
"The flavors are great, and the menu is extensive.",menu,positive,0
This is a consistently great place to dine for lunch or dinner.,lunch,neutral,2
This little place definitely exceeded my expectations and you sure get a lot of food for your money.,money,positive,0
"we did notice however, that some tables had what looked like pita instead of naan.",naan,negative,1
"- the bread at the beginning is super tasty and makes you want more - the pizza is delicious and comes in personal sizes, however be warned that the Peter's Favourite pizza with prosciutto and baby arugula is actually a margarite pizza with cold prosciutto and baby arugula on top, like a salad.",pizza,positive,0
Great romantic place for a date (try to get the corner booth table for a little privacy and to sit close!).,place,positive,0
"The man that was hosting promised to save a table for our party of 7, then sat a party of 2 at the very table he was saving (mean while there were boths open all around).",man,negative,1
"Even if the food wasn't this good, the garden is a great place to sit outside and relax.",garden,positive,0
"The menu is Prix Fixe, so be prepared to spend at least $60 per person, but it is Well worth itsuperb food.",food,positive,0
"I must warn the reader that the portions sizes are very small (especially the appetizers), so if you plan to eat until you are full and do not intend to order the chef's special tasting menu, prepare to order and pay for an appetizer (1 dish for each person because the portions are not for sharing), a main entree, and the cold udon at the end of the meal.",cold udon,neutral,2
Yes you have to wait to be seated and because its small there is no waiting area and the seat at the bar was all taken.,waiting area,negative,1
The menu is nothing like the one on the website.,menu,negative,1
"This is the only Thai place I go too in NYC, it's wonderful, and live relaxed Jazz on certain nights.",Jazz,positive,0
"The service, however, was a bright flower in a garden.",service,positive,0
"Great wine list, reasonably priced.--Sara",priced,positive,0
The pizza was pretty good and huge.,pizza,positive,0
"Guacamole+shrimp appetizer was really great, we both had the filet, very good, didn't much like the frites that came with, but the filet was so good, neither of us cared.",filet,positive,0
"this is the best secret place in midtown', I heard that from the bartender, after having brilliant food ( try steak with portobello mushrooms) and drinks on the bar last Tuesday.",drinks,positive,0
From the complimentary chef app of a delicate butternut squash ravioli in a delicious truffle sauce to an amazing buttery and tender langostine entree to a dessert that I can't remember because of the fabulous Cakebread Cabernet we were drinking -- the whole evening was amazing.,delicate butternut squash ravioli in a delicious truffle sauce,positive,0
"Don't dine at Tamarind for the vegetarian dishes, they are simply not up to par with the non-veg selections.",vegetarian dishes,negative,1
This is the best sushi in new york city - hands down.,sushi,positive,0
"I had a terrific meal, and our server guided us toward a very nice wine in our price range, instead of allowing us to purchase a similarly priced wine that wasn't as good.",meal,positive,0
"my picks are:  - Scallion Pancake (fried with vegetable juice, very special and tasty)  - Guizhou Chicken  - Shredded Squid Family Style (one of my personal favorites)  - Sichuan Spicy Soft Shell Crab  - Shuizhu Fish (this one is for hardcore Sichuan food fans, I wouldn't recommend to my American friends as it's very spicy.",Scallion Pancake,positive,0
The Waitstaff were very nice and suggested swordfish for my husband he enjoyed his meal.,Waitstaff,positive,0
"The mussaman curry that I ordered was as thin as water and aside from the poorly fried tofu that I ordered in it, they graciously provided me with ONE piece of poorly cooked potato.",mussaman curry,negative,1
Regardless of whether there are two people or two hundred people ahead of you the hostess will take your name and tell you Five minutes.,hostess,positive,0
"The menu was impressive with selections ranging from a burger, to steak, to escargot.",steak,neutral,2
It's simply the best meal in NYC.,meal,positive,0
"Food was average and creme brulee was awful - the sugar was charred, not caramelized and smelled of kerosene.",creme brulee,negative,1
"Overall, the ingredients and technique are there and I am encouraged enough to return at lunch or dinner to see whether the boldness of the flavour palette improves.",lunch,neutral,2
The service is descent even when this small place is packed.,place,negative,1
"The pizza is delicious - they use fresh mozzarella instead of the cheap, frozen, shredded cheese common to most pizzaria's.",cheese,negative,1
The bill is approximately $25 for 2 at lunch without drinks.,bill,neutral,2
I got an excellent piece of cheesecake and we had several other nice pastries.,cheesecake,positive,0
"The food, served in small tasting portions (as an option) is very good with each dish being better than the next.",food,positive,0
You can get an excellent meal at most of the many Indian restaurants on nearby Lexington Avenue for the cost of one the dainty dishes here.,cost,conflict,3
The only friendly staff member was the guy at the bar.,guy,positive,0
"Unless you are eating in the Pizzeria side of this place, and are not in a rush, this place is a bad idea.",place,negative,1
The staff there is very attentive and down to earth.,staff,positive,0
First went here to enjoy their garden terrace.,garden terrace,positive,0
The sushi is average and the prices are anything but.,prices,neutral,2
"The service was typical short-order, dinner type.",service,neutral,2
A cool place to hang with your friends for a couple of healthy drinks and desserts.,place,positive,0
Very affordable and excellent ambient!,ambient,positive,0
The secret is the lunch menu which offers a complimentary appetizer with every entree ordered.,lunch menu,positive,0
Mine was a little burnt but still delicious with goat cheese and panchetta (raddichio was kind of bitter though).,panchetta,positive,0
"When my husband and go there, we spend $60.00 (have LOBSTER TAILS UMMMMM need I say more) I can't say any more, it a place you'll never forget If you never go, you'll miss A Meal of your life time",Meal,positive,0
Service was quick.,Service,positive,0
After passing by this restaurant for sometime I finally decided to go in and have dinner.,dinner,neutral,2
"While certain staples are excellent (the burger, some of the pastas), the food is not really the point.",burger,positive,0
We had the pot-stickers which were great and a tempura dish that was great.,pot-stickers,positive,0
We were well attended to by the enthusiastic staff especially the manager Tony Gaskin who made excellent suggestions for our menu selections.,manager,positive,0
They are served with a free appetizer and the portions are perfect for lunch.,served,neutral,2
The menu seemed to have a wide variety of dishes for seafood lovers and interesting ways of preparing them.,seafood,positive,0
Both the fresh mozzerella slices and the Plain Cheese slice are phenomenal.,fresh mozzerella slices,positive,0
"The Halibut was too salty, dessert was so so (don't waste any of your calories) and service was poor.",Halibut,negative,1
"Because we didn't have a reservation, we could only sit in the back garden, but it was great, secluded and perfect in nice weather.",back garden,positive,0
"the food was undercooked-the sauce watery, and the vegetables raw.",vegetables,negative,1
"In such a crappy part of town to find a good value for lunch, this place is great.",lunch,positive,0
I ordered a Lassi and asked 4 times for it but never got it.,Lassi,neutral,2
"When asked about how a certain dish was prepared in comparison to a similar at other thai restaurants, he replied this is not Mcdonald's, every place makes things differently While it is understandable that every place is indeed different, there was not a need to be uncourteous to customers and downright rude.",dish,neutral,2
"Super friendly and knowledgable staff, fabulous bistro fare and a wonderful jazz brunch with great live jazz (the chilaquiles were awesome!",live jazz,positive,0
"The service is a bit slow, but harkens back to my years growing up in Napoli, Italy where things are not rushed and when you sit down for dinner the table is yours all night.",service,negative,1
"The best Chicken pad tai, I've ever had.",Chicken pad tai,positive,0
"The first 2 courses were very good, but the chocolate sampler was too rich for me and the dessert wine far too sweet.",dessert wine,negative,1
"Service was devine, oysters where a sensual as they come, and the price can't be beat!!!",oysters,positive,0
The place's decor and hidden bathrooms made for a good laugh.,bathrooms,positive,0
"But when you are seated the waitresses are great, they explain everything on the menu, and the price of the food is really cheap for the service you get.",food,neutral,2
Right off the L in Brooklyn this is a nice cozy place with good pizza.,pizza,positive,0
"The menu was impressive with selections ranging from a burger, to steak, to escargot.",burger,neutral,2
The waitress suggested glasses of wine that went very well with the food.,glasses of wine,positive,0
"This place doesn't compare with Mamoun's in terms of price, freshness, value, and consisent quality, but that's just my opinion.",quality,negative,1
"Service was excellent, and the AC worked very well too (thank God, it was hot!).",AC,positive,0
"they didn't disappoint, service from the second i arrived at the door was extremely pleasant and attentive with almost one server per table.",server,positive,0
"Quality of food is excellent and price is cheap, stick to pork, fish, chicken, lamb and vegetables.",lamb,positive,0
The cream cheeses are out of this world and I love that coffee!!,cream cheeses,positive,0
"The food is spectacular, from the appitizers to the main course, and then of course the desserts, (WOW) you'll need no more.",desserts,positive,0
The food is tasty and portion sizes are appropriate.,portion sizes,positive,0
But the main hit was the whole grilled fish.,whole grilled fish,positive,0
This was my frist time at Cafe St. Bart's and I must say how delicous the food and the service was.,service,positive,0
I had the best ravioli ever.,ravioli,positive,0
The food is prepared quickly and efficiently.,food,positive,0
$20 gets you unlimited sushi of a very high quality- I even took a friend here from Japan who said it was one of the best sushi places in the US that he has been to.,quality,positive,0
"I have been a longtime fan of Holy Basil in the East Village, and while I do believe their food has slightly slipped in quality, I have been hesitant to be disloyal.",food,negative,1
I had the Pad Thai and the noodles were sticky.,noodles,negative,1
We were fans of the half-price Saturday night option until some inedible squid during a recent visit.,squid,negative,1
I had to share my table with a loud group of kids and the service was rude an unattentive.,service,negative,1
The Yellowtail was particularly good as well.,Yellowtail,positive,0
IT is the best deal in town for a Monday night dinner at a fine restaurant.,dinner,positive,0
"If the omakase is to showcase technique and variety, serving almost 40% of items BBQ-ed and a spicy tuna roll wrapped with not-so-fresh nori seems to be a rather limp performance.",spicy tuna roll,negative,1
"While the ambiance and atmosphere were great, the food and service could have been a lot better.",atmosphere,positive,0
"Save your money and don't waste your calories, go to Margharita's on Washington Street instead, they have amazing food and the BEST service.",food,positive,0
"Great food, great lay out and awesome service.",food,positive,0
"What is even better, is that the prices are very affordable as well, and the food is really good.",prices,positive,0
"They sell special sushi, everything have a topping, sauce and etc.",sauce,positive,0
Since my first dinner I have had the chance to have brunch at Orsay 3x.,dinner,neutral,2
"Whenever you need a Sushi fix, Mizu will be there with quality fish and great service.",service,positive,0
They have a huge selection of different cream cheeses and all of their salads are great.,salads,positive,0
"The drinks are a saving grace, but service staff, please, get over yourselves.",service staff,negative,1
"Our waitress was sweet and accomodating, not overbearing.",waitress,positive,0
"Quite frankly, this is some of the worst sushi I have ever tried.",sushi,negative,1
The sauce is delicious and the crust is perfect.,sauce,positive,0
Service is average.,Service,neutral,2
"Thalia is a beautiful restaurant with beautiful people serving you, but the food doesn't quite match up.",people serving,positive,0
"I don't know about you guys, but when I go somewhere to eat I go for the food not for the atmosphere.",food,neutral,2
"My wife and I will usually only order one primi and one secondi and split them, as they tend to offer large portions.",primi,positive,0
"The freshest, best variety, and the fastest delivery.",delivery,positive,0
We both opted for a pasta dish and they were served timely and fresh.,pasta dish,positive,0
"Try the Pad Thai, it's fabulous and their prices are so cheap!",Pad Thai,positive,0
The lamb meat was under-cooked and EXTRMELY CHEWY.,lamb meat,negative,1
Great value for the quality ingredients.,ingredients,positive,0
Knowledge of the chef and the waitress are below average.,chef,negative,1
The location and ambience is Ok but the food is what makes up for it.,ambience,neutral,2
Sushi wasn't anything spectacular for the price.,price,negative,1
Went on a double date with friend and his girlfriend for a few drinks and appetizers.,appetizers,neutral,2
"The Pad thai, lad nar and various other dishes all look good on paper but, I've had better thai food in less asthetically pleasing places.",thai food,neutral,2
Jimmy's is hands down the hottest night spot in the Bronx.,spot,positive,0
The service was excellent and the food was delicious.,service,positive,0
The white bean brushetta to start was incredible and the pasta was phenomenal.,white bean brushetta,positive,0
"If it isn't for the food (A+++), it must be the service or the ambience.",service,positive,0
"Overall, I'm still impressed that the place even exists and the prices are quite decent but then again, its Chinatown.",prices,positive,0
"Our favorite meal is a pesto pizza, the house salad, and a good bottle of wine.",house salad,positive,0
"If you like the food and the value you get from some of Chinatown restaurants, this is not the place for you.",food,neutral,2
Mine was a little burnt but still delicious with goat cheese and panchetta (raddichio was kind of bitter though).,raddichio,negative,1
"not the food ,not the ambiance , not the service, I agree with the previous reviews you wait and wait , the wait staff are very rude and when you get in they are looking to get you right out .",ambiance,neutral,2
The steak was very fatty and the sauce was overpowering and not very tasty.,sauce,negative,1
"A glass of Leaping Lizard, a glass of prosecco, and the mussels had everything happy.",mussels,positive,0
"I had the tuna tartare with sake, mushroom ravioli with pinot noir, and the chocolate sampler with a dessert wine for $49.",sake,positive,0
We had the scallops as an appetizer and they were delicious and the sauce was wonderful.,sauce,positive,0
The place is a BISTRO which means: simple dishes and wine served efficiently in a bustling atmosphere.,atmosphere,positive,0
"Similar to other Indian restaurants, they use the dinner special to attract customers at the door.",dinner special,neutral,2
"Unlike other places in NYC where the sandwiches you want only come as a triple-decker, here you can get what you want in a reasonably-sized portion (and price).",sandwiches,negative,1
The counter service is bad.,counter service,negative,1
"Not a typical pizza joint, but good for a low key and fairly cheap nice sit down dinner.",dinner,positive,0
The sauce is delicious and the crust is perfect.,crust,positive,0
"While most people can attest to spending over $50 on drinks in New York bars and hardly feeling a thing, the drinks here are plentiful and unique.",drinks,negative,1
"However, in the summer of 2003, it seems the management has changed and the great big door has been replaced for a glass front ridding itself of the dark romantic getup.",glass front,negative,1
"Because of the delicate thin crust, take-out pies get soggy in their boxes.",take-out pies,negative,1
Try their plain pizza with fresh garlic or eggplant.,eggplant,positive,0
Service- friendly and attentive.,Service,positive,0
"It's really also the service, is good and the waiters are friendly.",service,positive,0
The price is reasonable although the service is poor.,service,negative,1
The sandwhiches are out-of-this world!,sandwhiches,positive,0
"My husband had the mesclun, salmon, and ice cream and he enjoyed all 3 courses.",mesclun,positive,0
"Furthermore, the rice had no seasoning, so the sushi was bland and disgusting.",rice,negative,1
I've been to Naples 45 for dinner twice.,dinner,neutral,2
"Though the Spider Roll may look like a challenge to eat, with soft shell crab hanging out of the roll, it is well worth the price you pay for them.",shell crab,positive,0
"Then, get ripped on free box wine.",box wine,positive,0
"Other than the crappy service from two individuals, it's great.",service,negative,1
"Found service above average, but that could be because we were 13 of us.",service,positive,0
"We actually gave 10% tip (which we have never done despite mediocre food and service), because we felt totally ripped off.",food,neutral,2
They don't walk around with the trays of Dim Sum.,trays of Dim Sum,neutral,2
I ate clams oreganta and spectacular salad with perfectly marinated cucumbers and tomatoes with lots of shrimp and basil.,clams oreganta,positive,0
"Only complaint would be that at an average cost of $12-$15 per meal, I'd like not to have to worry about finding a seat!",cost,negative,1
"Delicate spices, onions, eggs and a kick-ass roti.",spices,positive,0
"I must warn the reader that the portions sizes are very small (especially the appetizers), so if you plan to eat until you are full and do not intend to order the chef's special tasting menu, prepare to order and pay for an appetizer (1 dish for each person because the portions are not for sharing), a main entree, and the cold udon at the end of the meal.",appetizer,negative,1
Ive asked a cart attendant for a lotus leaf wrapped rice and she replied back rice and just walked away.,cart attendant,negative,1
"Hopefully next time, I will save room for dessert.",dessert,neutral,2
"The bagels always warm, soft on the inside, crispy on the outside and enormous in size.",bagels,positive,0
The barebecued salmon is elegantly spiced and not at all dry.,barebecued salmon,positive,0
"It saves walking in and waiting for a table in the often noisy, crowded bar at dinnertime.",waiting,negative,1
"They did not have mayonnaise, forgot our toast, left out ingredients (ie cheese in an omelet), below hot temperatures and the bacon was so over cooked it crumbled on the plate when you touched it.",bacon,negative,1
"Also, the sandwiches (nearing $7) didn't come with anything like chips or a side.",chips,neutral,2
we decided to eat in tea room which was small and cute.,tea room,positive,0
This is my first time writing a review for a restaurant because the food and service was excellent.,service,positive,0
"Please try the Filet Mignon, its just the most tender piece ever.",Filet Mignon,positive,0
"The food is fresh, delicious, and reasonably priced.",priced,positive,0
"Nha Trang, while being notorious for utter lack of comfort and decor, horribly slow wait staff and horribly quick meals, is one of the best vietnamese restaurants i've ever been to. the pho is delicious and comes with very fresh vegtables.",meals,negative,1
"though the service could be better (possibly due to more than one very large group in the house), it is very cordial and warm, as is the general clientele.",service,conflict,3
THe Pizza and wine were excellent-the service too--but what really MADE this place was the backyard dining area.,Pizza,positive,0
My chow fun and chow see was really bland and oily.,chow fun and chow see,negative,1
You should pass on the calamari.,calamari,negative,1
The sauce on the pizza is sooo good with garlic and fresh tomatoes and they don't skimp.,garlic,positive,0
I liked the food at this quasi-thai restaurant.,quasi-thai,positive,0
"but when we looked at the menu, there weren't a lot of choices, most of them were dumplings in the appetizer section.",appetizer,negative,1
"If you can handle that, it's a great place for a business dinner, fun with friends or simply a table for 2.",table,positive,0
"The service was attentive, yet unimposing, the food was far better than many notorious restaurants in Midtown and the wine list is extensive and well priced.",priced,positive,0
Their wines by the glass are a great accompaniment and you can eat like a king with wine for under $30.,wine,neutral,2
Try the olive cream cheese or the lox spread on a whole wheat everything bagel.,lox spread,positive,0
"Even though the restaurant was packed, we were seated promptly and even asked for a table upstairs with no problems.",table,positive,0
"As I made the title, it's an affordable restaurant for great taste.",taste,positive,0
"Food was very good as well, considering that we tried the budget selection (though I wish the pork belly that I ordered was roasted a bit longer, so that fat was more of a melt-in-your-mouth experience).",Food,positive,0
"A narrow corridor leads to a tiny space where there are three tiny white tiled counters, a great deal of mess (stacks of bottles, cans) and a small counter holding 12-14 entrees.",counter,negative,1
Succulent steaks cooked precisely to your desired 'doneness' accompanied by salads and sides that don't look like leafy road kill.,salads,positive,0
"Though the Spider Roll may look like a challenge to eat, with soft shell crab hanging out of the roll, it is well worth the price you pay for them.",price,positive,0
"It is set far from the small street it's on, and there is no traffic noise.",traffic noise,positive,0
"Great food, great lay out and awesome service.",service,positive,0
This place has the the correct ambience and an excellent staff to make you feel like a guest and a friend at the same time.,place,positive,0
Will have to return to try the chocolate!,chocolate,positive,0
Great for large groups and celebrations - our SUPER HAPPY waiter was the entertainment of the evening.,waiter,positive,0
I went to DF for Valentines Day dinner.,Valentines Day dinner,neutral,2
"The staff was very attentive, the ambience lovely, and the food superb.",ambience,positive,0
"The combination of fresh tomato sauce, fresh mozz cheese, basil and the dough they make with imported flour, makes this is one of the better pizza's in NY.",flour,positive,0
They are served with a free appetizer and the portions are perfect for lunch.,appetizer,positive,0
"If the omakase is to showcase technique and variety, serving almost 40% of items BBQ-ed and a spicy tuna roll wrapped with not-so-fresh nori seems to be a rather limp performance.",serving,neutral,2
"Sake collection was excellent (Try Nanbu Bijin), but pricy.",Sake collection,conflict,3
"The staff has been nice, but they seemed really stressed and the unisex bathroom needs to be cleaned more often.",bathroom,negative,1
"Aside from the Sea Urchin, the chef recommended an assortment of fish including Fatty Yellow Tail, Boton Shrimp, Blue Fin Torro (Fatty Tuna), Sea Eel, etc.",Sea Urchin,neutral,2
"The food is good, especially their more basic dishes, and the drinks are delicious.",drinks,positive,0
I ate clams oreganta and spectacular salad with perfectly marinated cucumbers and tomatoes with lots of shrimp and basil.,salad with perfectly marinated cucumbers and tomatoes with lots of shrimp and basil,positive,0
"But don't ever order bacon late at nite (either platter or in sandwiches, for that matter don't from any take out place) as it is from the morning frying turns out hard almost like bacos, hurt my molars.",bacos,negative,1
I went there for lunch and it was not as good as I expected from the reviews I read.,lunch,neutral,2
"If you love wine and cheese and delicious french fare, you'll love Artisanal!",cheese,positive,0
Try the Times Square cocktail -- ginger lemonade with vodka (also available without vodka.),Times Square cocktail,positive,0
The all-Italian staff is warm and engaging from the start.,staff,positive,0
"It is far more popular as a bar than as a restaurant, with only a few tables and the waiter being the bartender, but we greatly enjoyed the unobtrusive atmosphere.",atmosphere,positive,0
"My goodness, everything from the fish to the rice to the seaweed was absolutely amazing.",seaweed,positive,0
"Always a nice crowd, but never loud.",crowd,positive,0
"The food is great, service is ok.",service,neutral,2
Any if you have a reservation you'll wait for max 5 minutes - so have a drink at the bar.,reservation,positive,0
I went with 5 friends and we lingered at the table for a bit and didn't feel rushed at all even though there was a wait.,table,neutral,2
Definite go if you're used to good Indian restaurant food from abroad.,Indian restaurant food,positive,0
Pair you food with the excellent beers on tap or their well priced wine list.,priced,positive,0
"Aside from the Sea Urchin, the chef recommended an assortment of fish including Fatty Yellow Tail, Boton Shrimp, Blue Fin Torro (Fatty Tuna), Sea Eel, etc.",assortment of fish,neutral,2
"The pesto pizza was excellent, thin-crust pizza with a nice amount of spicy Italian cheese that I'd never heard of before.",thin-crust pizza,positive,0
"From the appetizers we ate, the dim sum and other variety of foods, it was impossible to criticize the food.",foods,positive,0
Deliveries often take up to an hour and the prices are higher than most other pizzerias in the area.,prices,negative,1
"When we notified him that he didn't mention the specials, he didn't apologize but let us know that we made a very good decision regardless.",specials,neutral,2
"Only wine and beer are served, but the house varities are actually quite good.",served,negative,1
"The wait here is long for dim sum, but if you don't like sharing tables or if the typical raucous dim sum atmosphere is not your gig, this is a sleek (for Chinatown) alternative.",dim sum atmosphere,neutral,2
The server was really cool and served us our food and drinks with a smile.,food,neutral,2
Went there with my wife and we had to wait for a table even though you could see there many that were empty with not reservation sigh on them.,reservation sigh,neutral,2
"Great food, great decor, great service.",decor,positive,0
"All the appetizers and salads were fabulous, the steak was mouth watering and the pasta was delicious!!!",pasta,positive,0
"Quality of food is excellent and price is cheap, stick to pork, fish, chicken, lamb and vegetables.",Quality of food,positive,0
The only problem is that the manager is a complete incompetent.,manager,negative,1
but the service was a bit slow.,service,negative,1
Be careful of portions - they're HUGE.,portions,positive,0
"Granted the space is smaller than most, it is the best service you will find in even the largest of restaurants.",space,negative,1
I've been to several places for Dim Sum and this has got to be the WORST.,Dim Sum,negative,1
The spicy Tuna roll is huge and probably the best that I've had at this price range.,price range,positive,0
The service does sometimes lack focus and it is not ideal if you are in a hurry but I have never been treated rudely.,service,conflict,3
"The staff isn't the friendliest or most competent, and I am stickler for service, but everything else about this place makes up for it.",staff,negative,1
"The bruscetta is a bit soggy, but the salads were fresh, included a nice mix of greens (not iceberg) all dishes are served piping hot from the kitchen.",salads,positive,0
"Stay away from the two specialty rolls on the menu, though- too much avocado and rice will fill you up right quick.",avocado,negative,1
The service was fast and friendly and the food was very tasty and they had the best hot sauce to add to your meals.,meals,neutral,2
"Great friendly service, Fast seating, Fast Delivery, Excellent sushi.",seating,positive,0
"The staff has always been attentive and kind, and I've always been amazed at how they've handled all the various different group sizes that come in.",staff,positive,0
The service was attentive without being overbearing and each dish we tried was wonderful from the spring rolls to the cod with pineapple tempura.,dish,positive,0
"An excellent alternative to fast food joints and ordering in but, the food was slightly disappointing.",food,negative,1
"Quality of food is excellent and price is cheap, stick to pork, fish, chicken, lamb and vegetables.",pork,positive,0
this little place has a cute interior decor and affordable city prices.,interior decor,positive,0
And I would have to agree with the masses in terms of service - delivery is their Achilles' heel.,delivery,negative,1
"The food is good, I can't lie.",food,positive,0
"I found the food to be outstanding, particulary the salmon dish I had.",food,positive,0
The staff was too busy ordering sushi for dinner and then laying it out to eat on the bar to even bring me my check.,bar,neutral,2
"All the appetizers and salads were fabulous, the steak was mouth watering and the pasta was delicious!!!",salads,positive,0
"The food was delicious (I had a halibut special, my husband had steak), and the service was top-notch.",service,positive,0
Much more reasonably priced too!,priced,positive,0
THe Pizza and wine were excellent-the service too--but what really MADE this place was the backyard dining area.,backyard dining area,positive,0
"The rest of the dim sum, though pricey by Chinatown standards, is worth it.",dim sum,conflict,3
The sweet lassi was excellent as was the lamb chettinad and the garlic naan but the rasamalai was forgettable.,rasamalai,negative,1
All the desserts the group tried got favorable reviews.,desserts,positive,0
"They have it all -- great price, food, and service.",price,positive,0
We had a party in their private room and they made it truly memorable and were very helpful in the planning.,private room,neutral,2
"After complaining about the chicken dish, the manager came over to tell us that, no one had ever complained before, and that we just didn't know what the dish was supposed to taste like.",chicken dish,negative,1
"in an effort to increase turnover, the restaurant offers no desserts beyond the complimentary espresso cup filled with chocolate mousse.",espresso cup filled with chocolate mousse,positive,0
And the food was fantastic.,food,positive,0
A restaurant that doesn't try to do anything except serve great food with great service in a pleasant atmosphere.,service,positive,0
I would highly recommend this place to anyone who is looking for a fine Indian dining experience that is definitely a value for your dollar.,Indian dining experience,positive,0
"The beverages were excellent, and the dessert was good.",beverages,positive,0
"We were seated promptly as we had reservations, however after that the service was slow.",service,negative,1
"I recommend their Pad See Ew, Pork Chops or Tofu plates.",Pad See Ew,positive,0
The menu choices are similar but the taste lacked more flavor than it looked.,flavor,negative,1
"my picks are:  - Scallion Pancake (fried with vegetable juice, very special and tasty)  - Guizhou Chicken  - Shredded Squid Family Style (one of my personal favorites)  - Sichuan Spicy Soft Shell Crab  - Shuizhu Fish (this one is for hardcore Sichuan food fans, I wouldn't recommend to my American friends as it's very spicy.",vegetable juice,positive,0
"It's a shame that a nice, convenient place like the Pink Pony can be so ruined by lousy service.",service,negative,1
and yes Dal Bukhara is so dam good and so are all the kababs.,kababs,positive,0
"It costs $2 extra to turn a regular roll into an inside-out roll, but the roll more than triples in size, and that's not just from the rice.",rice,neutral,2
"But when you are seated the waitresses are great, they explain everything on the menu, and the price of the food is really cheap for the service you get.",price,positive,0
"Nha Trang, while being notorious for utter lack of comfort and decor, horribly slow wait staff and horribly quick meals, is one of the best vietnamese restaurants i've ever been to. the pho is delicious and comes with very fresh vegtables.",pho,positive,0
And the prices were way to high for what you get.,prices,negative,1
"One would think we'd get an apology or complimentary drinks - instead, we got a snobby waiter wouldn't even take our order for 15 minutes and gave us lip when we asked him to do so.",drinks,neutral,2
"The food is good, especially their more basic dishes, and the drinks are delicious.",food,positive,0
"I took my girlfriend there for her birthday last night and we had a relaxing, really good meal.",meal,positive,0
"We figured we never had Argentinian Pizza before so we grabbed our lunch there, sharing a large Pelligrino, a pizza of two of their specials, one was goat cheese the other blue cheese, and both were excellent.",pizza,positive,0
The place was quiet and delightful.,place,positive,0
"Especially liked chicken tikka and the naan, and the dals.",naan,positive,0
"The food, served in small tasting portions (as an option) is very good with each dish being better than the next.",portions,positive,0
"The staff is excellent, specjal: that girl behind the bar, european chic.",bar,neutral,2
The waiters were not attentive except that the bill turned up on the table before we were finished.,bill,negative,1
"Forget the rush and the wait and the noise (which isn't actually that bad), I mean please, who goes to a steakhouse to be coddled and romantic?",rush,conflict,3
Best Reuben sandwich ever!,Reuben sandwich,positive,0
I am not sure if I would call the food here Indian as it is a fusion of what seems to be French with an Indian or exotic touch.,food,neutral,2
The dim sum is delectable while the prices are quite easy on the wallet.,prices,positive,0
"Its not curry in a slurry crap, and regular run of the mill food.",curry,neutral,2
"The food is very good for it's price, better than most fried dumplings I've had.",fried dumplings,negative,1
"By far, the best pizza in Manhattan.",pizza,positive,0
"It's super-trendy and there's always someone to take that empty seat, so it seems that customer service has been deemed not of the essence.",service,positive,0
"We were still sitting at the bar while we drank the sangria, but facing away from the bar when we turned back around, the $2 was gone the people next to us said the bartender took it.",bar,neutral,2
"If it isn't for the food (A+++), it must be the service or the ambience.",food,positive,0
Wine list selection is good and wine-by-the-glass was generously filled to the top.,wine-by-the-glass,positive,0
"We have been to this place many times, and always have great food, wine, and service.",service,positive,0
"Next time, we wouldn't dare ordering anything else other than some simple Asian appetizers and drinks.",drinks,positive,0
They were very abrupt with me when I called and actually claimed the food was late because they were out of rice.,rice,neutral,2
I had to ask her three times before she finally came back with the dish Ive requested.,dish,neutral,2
"Great wine selection, Gigondas is worth the price, and the house champagne is a great value.",house champagne,positive,0
The duck confit is always amazing and the foie gras terrine with figs was out of this world.,duck confit,positive,0
"The atmosphere isn't the greatest , but I suppose that's how they keep the prices down .",prices,positive,0
"The kitchen however, is almost always slow.",kitchen,negative,1
"I understand the area and folks you need not come here for the romantic, alluring ambiance or the five star service featuring a sommlier and a complicated maze of captain and back waiters - you come for the authentic foods, the tastes, the experiance.",ambiance,positive,0
Wonderful strawberry daiquiries as well!,strawberry daiquiries,positive,0
Wait staff is blantently unappreciative of your business but its the best pie on the UWS!,pie,positive,0
The Prix Fixe menu is worth every penny and you get more than enough (both in quantity AND quality).,Prix Fixe menu,positive,0
"Last time I went here, the waitress didn't come back after taking our order.",waitress,negative,1
And they have these home made potato chips at the bar that are the most delicious things in the world!,potato chips,positive,0
"The food was pretty good, but a little flavorless and the portions very small, including dessert.",portions,negative,1
"The music does get a little loud at times, but it just made me want to lean closer to my beautiful wife, and as I did, I got a whiff of corriander.",music,conflict,3
The scallion pancakes and fried dumplings were nothing out of the ordinary.,fried dumplings,neutral,2
Drinks way over priced.,Drinks,negative,1
"Despite the fact that the space is large, they've overcrowded the floor with tables.",space,positive,0
And I would have to agree with the masses in terms of service - delivery is their Achilles' heel.,service,negative,1
"The pesto pizza was excellent, thin-crust pizza with a nice amount of spicy Italian cheese that I'd never heard of before.",Italian cheese,positive,0
"When my husband and go there, we spend $60.00 (have LOBSTER TAILS UMMMMM need I say more) I can't say any more, it a place you'll never forget If you never go, you'll miss A Meal of your life time",place,positive,0
Best dish is nori-wrapped tuna.,nori-wrapped tuna,positive,0
I do suggest to ask to be seated upstairs if you are looking to be a little cozy.,upstairs,positive,0
This is one great place to eat pizza more out but not a good place for take-out pizza.,pizza,positive,0
The food is great and authentic.,food,positive,0
Get the soup and a nosh (pastrami sandwich) for $8 and you're golden.,soup,positive,0
"The spicy tuna roll was unusually good and the rock shrimp tempura was awesome, great appetizer to share!",rock shrimp tempura,positive,0
Drawbacks: service is slow and they don't toast!,service,negative,1
I usually go there later at night when I get off work so I don't have to deal with crowds or lines.,crowds,negative,1
"the real kicker of the menu, however, is the beef cubes or the chicken with chili and lemon grass.",beef cubes,positive,0
This big draw is the all you can sushi here for $19.95!,sushi,positive,0
My suggestion is to eat family style because you'll want to try the other dishes.,dishes,neutral,2
The desserts are more appealing then stuffy overpriced French restaurants.,desserts,positive,0
The pizza is yummy and I like the atmoshpere.,atmoshpere,positive,0
"The space is a bit too small for live music, so on  jazz nights, it can be loud and cramped.",jazz nights,neutral,2
"Great for groups, great for a date, great for early brunch or a nightcap.",nightcap,positive,0
"The service varys from day to day- sometimes they're very nice, and sometimes not.",service,conflict,3
"Also, the hostess called me today to thank us for coming and mentioned how she hoped that my girlfriend enjoyed her birthday - unexpected, but a truly above and beyond thing to do...",hostess,positive,0
It is a lot of fun with live entertainment and all kinds of Disney type special effects.,live entertainment,positive,0
"We figured we never had Argentinian Pizza before so we grabbed our lunch there, sharing a large Pelligrino, a pizza of two of their specials, one was goat cheese the other blue cheese, and both were excellent.",lunch,neutral,2
"As for the bar, this is another bad idea.",bar,negative,1
"Service was devine, oysters where a sensual as they come, and the price can't be beat!!!",Service,positive,0
The portions are large and the servers always surprise us with a different starter.,portions,positive,0
They also have a back garden open in the summer - cute and French with outdoor seating - what more could you ask for?,back garden,positive,0
"Barbecued codfish was gorgeously moist - as if poached - yet the fabulous texture was let down by curiously bland seasoning - a spice rub might have overwhelmed, however herb mix or other sauce would have done much to enhance.",texture,conflict,3
With the theater 2 blocks away we had a delicious meal in a beautiful room.,room,positive,0
"While certain staples are excellent (the burger, some of the pastas), the food is not really the point.",staples,positive,0
"In fact, two people could really share one plate.",plate,positive,0
The wine the service was very good too.,wine,positive,0
"We concluded with tiramisu chocolate cake, both were delicious.",tiramisu chocolate cake,positive,0
I have to say that if this what makes it easier to get a saet a lunch- I dont mind.,lunch,neutral,2
Zero ambiance to boot.,ambiance,negative,1
No you're going to go back because the food was good.,food,positive,0
"Plus, when our entrees were held up in the kitchen on a busy Saturday night, the owner sent over complimentary summer rolls to hold us over!",entrees,negative,1
Ballato's is consistently delicious authentic italian food.,italian food,positive,0
"If you'd like to have a nice light meal with an asian accent, Long Tan is a good place on the slope.",meal,positive,0
"While the food was excellent, it wasn't cheap (though not extremely expensive either).",food,positive,0
The place was nice and calm.,place,positive,0
The waiter was attentive.,waiter,positive,0
"They might be all business at the counter when you give your order, but their food says I love you.",counter,negative,1
As we were sitting eating the subpar food the manager proceeded to berate a couple of his employees for putting out the wrong containers for condiments and explained to them how expensive these containers were.,food,negative,1
"First off, the waitress was completely unattentive the 2 times we saw her(odd in a restaurant with 6 tables) and got our order wrong.",waitress,negative,1
I care more about the food and ambience.,food,neutral,2
"The food was below average, the service was pathetic, there was no ambience at all.",service,negative,1
"The only weird thing was if we got a bottle, the waitress would have simply multiplied the glass price X4, which makes no sense whatsoever.",waitress,negative,1
"It's like they took leftover chicken, poured oil and sprinkled pepper powder over it (the sauce was translucent and red).",chicken,negative,1
"Always popular, always full, always a wait.",wait,negative,1
"I work near-by, and they have the BEST oatmeal in the neighborhood- not a packaged or quick-cooked item.",oatmeal,positive,0
"After 2 tries by the waiter to take it away (we hadn't even looked at it yet, we had full beers yet to drink), the manager approached and told us they needed the table for people with reservations.",reservations,positive,0
The photos of the restaurant in its web site are way better than the real look.,look,negative,1
The staff is no nonsense.,staff,positive,0
The staff offers impeccable service.,staff,positive,0
LOVE the atmosphere - felt like I was in Paris.,atmosphere,positive,0
"My friends and I experienced amazing cheese and a delicious, new summer menu at Artisanal last night.",cheese,positive,0
"While most people can attest to spending over $50 on drinks in New York bars and hardly feeling a thing, the drinks here are plentiful and unique.",bars,negative,1
The space is nice but when we order our drink we were in for a surprise.,space,positive,0
From the moment we walked in they were more than accomodating even though the place was packed.,place,negative,1
The food can get pricey but the prixe fixe tasting menu is the greatest food for a good price and they cater the food to any food allergies or food you don't like.,food,neutral,2
"In terms of the food itself -- nothing special, we limited ourselves to several appetizers.",appetizers,neutral,2
"We parked on the block of Nina's the place looked nice, with people obviously enjoying their pizzas.",place,positive,0
"The food is expensive, but worth every bite.",food,conflict,3
"I went at 6:00 PM specifically for the pre-theater menu ($19.95 for roasted tomato soup with chevre, steak frites, creme brulee) and it was marvelous.",creme brulee,positive,0
The food is alright - some stuff is good - some is not (like the steak dish which tends to be dry).,steak dish,negative,1
"The Thali was small, thoroughly unremarkable, and $14.95.",Thali,negative,1
"The bread and lamb chops I had before the meal were quite good, however.",lamb chops,positive,0
"this is the best secret place in midtown', I heard that from the bartender, after having brilliant food ( try steak with portobello mushrooms) and drinks on the bar last Tuesday.",steak with portobello mushrooms,positive,0
"those rolls were big, but not good and sashimi wasn't fresh.",sashimi,negative,1
The staff was the friendliest that have seen in New York.,staff,positive,0
"The wine list isn't great, and the desserts are shipped in from Bruno's down the street, which is not as good as it used to be.",wine list,negative,1
The tastes makes your mouth water for more.,tastes,positive,0
Ambiance- relaxed and stylish.,Ambiance,positive,0
"We have never had any problems with charging the meal or the tip, and the food was delivered quickly, but we live only a few minutes walk from them.",meal,positive,0
"Try the crunchy tuna, it is to die for.",crunchy tuna,positive,0
"It may be a bit packed on weekends, but the vibe is good and it is the best French food you will find in the area.",vibe,positive,0
"I've had the chicken with garlic sauce, chicken with black bean sauce, and hunan chicken.",chicken with garlic sauce,neutral,2
"Even with a relatively inexpensive botle of wine, if you can call $70.00 inexpensive, the cost is through the roof for better than average fare.",cost,negative,1
"Yeah, sometimes the service can be slow.",service,negative,1
"Our waiter was fine, the place looks nice in that not-trying-too-hard way, but at those prices, a little more should be expected of your food.",place,positive,0
"So much more than the usual bar food, go there to enjoy the menu while sampling one of their hand-crafted beers.",hand-crafted beers,positive,0
"For some reason, all the seafood on the menu was unavailable except for the Salmon.",seafood,negative,1
"Pizza and garlic knots are great as well, I order from them quite often and the delivery is always super quick!",delivery,positive,0
"The wait staff is pleasant, fun, and for the most part gorgeous (in the wonderful aesthetic beautification way, not in that she's-way-cuter-than-me-that-b@#$* way).",wait staff,positive,0
"While this can hardly be called a restaurant, it is possibly the best deal in Manhatten: $4 for a plate heaped with rice and 2-3 entrees.",entrees,positive,0
The prices were CHEAP compared to the quality of service and food.,prices,positive,0
"Unlike other places in NYC where the sandwiches you want only come as a triple-decker, here you can get what you want in a reasonably-sized portion (and price).",price,positive,0
"Especially liked chicken tikka and the naan, and the dals.",dals,positive,0
"The food is delicious - from the specials to the regular menu-fare, the dishes are never a disappointment.",dishes,positive,0
The food itself was just ok - nothing spectacular - but the service was awful.,service,negative,1
"I would definitely go back for a very special occasion, but not for regular fine dining.",dining,neutral,2
They have authentic Indian at amazin prices.,Indian,positive,0
"They did not have mayonnaise, forgot our toast, left out ingredients (ie cheese in an omelet), below hot temperatures and the bacon was so over cooked it crumbled on the plate when you touched it.",omelet,neutral,2
The sauces used are also not that exciting.,sauces,negative,1
Appetizers are somewhere around $7 each and the main dishes are between $11 and $16.,main dishes,neutral,2
There was a great deal for 6 Blue Point oysters and a beer or glass of wine for $8!,Blue Point oysters,neutral,2
"For appetizers, I recommend the shrimp fritters and dumplings.",appetizers,neutral,2
The hot dogs were cold in the middle and the buns were stale.,buns,negative,1
Always great service!,service,positive,0
"Barbecued codfish was gorgeously moist - as if poached - yet the fabulous texture was let down by curiously bland seasoning - a spice rub might have overwhelmed, however herb mix or other sauce would have done much to enhance.",seasoning,negative,1
"Service could be improved but overall this is a place that understands the importance of little things (the heavy, black, antique-seeming teapot, for one) in the restaurant experience.",Service,negative,1
"Although the tables may be closely situated, the candle-light, food-quality and service overcompensate.",service,positive,0
"Dip the ingredients in with your chopsticks, swirl them around, and eat.",ingredients,neutral,2
"For the people who want great food plus great service, Roxy is a place to AVOID!",service,negative,1
"From beginning appetizers, the scallops were incredible, to the delicious chocolate souffle with rasberry mint sorbet, we were delighted by the taste sensations.",taste,positive,0
I really recommend the very simple Unda (Egg) rolls.,Unda (Egg) rolls,positive,0
"This place has good potential, but needs a significant amount of work before we can justify spending that much money on indian food you can get everywhere else.",indian food,neutral,2
"Well, their deliveries take for ever and the food is usually cold.",deliveries,negative,1
Highly recommended is the Spicy Fried Clam Rolls and Spider Rolls.,Spider Rolls,positive,0
We thought that this place is using too much of MSG cooking in the foods.,MSG cooking,negative,1
The food is great and they have a good selecion of wines at reasonable prices.,prices,positive,0
"We figured we never had Argentinian Pizza before so we grabbed our lunch there, sharing a large Pelligrino, a pizza of two of their specials, one was goat cheese the other blue cheese, and both were excellent.",Argentinian Pizza,neutral,2
"Even though I made the reservation at 3pm for the same night through Dinnerbroker, we were seated at a table with one of the best view!",table,positive,0
"Don't expect to sit down inside though, there are only a few tables and they are always full.",tables,negative,1
"The staff makes you feel at home, the food is great and the atmosphere is WONDERFUL!",atmosphere,positive,0
By far this is the only chinese desserts place I know in NY or anywhere close in the Northeastern America that serves desserts with frog jelly in a couple of varieties and pig feet ginger simmered in black vinegar.,desserts with frog jelly,positive,0
"my picks are:  - Scallion Pancake (fried with vegetable juice, very special and tasty)  - Guizhou Chicken  - Shredded Squid Family Style (one of my personal favorites)  - Sichuan Spicy Soft Shell Crab  - Shuizhu Fish (this one is for hardcore Sichuan food fans, I wouldn't recommend to my American friends as it's very spicy.",Sichuan Spicy Soft Shell Crab,positive,0
From the complimentary chef app of a delicate butternut squash ravioli in a delicious truffle sauce to an amazing buttery and tender langostine entree to a dessert that I can't remember because of the fabulous Cakebread Cabernet we were drinking -- the whole evening was amazing.,buttery and tender langostine entree,positive,0
"If the weather is nice, try to snag an outside table.",table,positive,0
"The service was mediocre, and the lack of air conditioning made for a less than comfortable meal.",service,neutral,2
"The wait staff is friendly, and the food has gotten better and better!",food,positive,0
"Complimentary stuff kept coming, and when the waiter saw me opening a gift, I received my dessert on a plate that had Happy Birthday written on it, with a candlevery nice touch, and attentive staff.",staff,positive,0
"This is the perfect spot for meeting friends, having lunch, dinner, pre-theatre or after-theatre drinks!",spot,positive,0
Service is fast and friendly.,Service,positive,0
"great eats, good times.",eats,positive,0
"Even though the restaurant was packed, we were seated promptly and even asked for a table upstairs with no problems.",seated,positive,0
"The food came out wrong, the waiter was no where to be found and the wine showed up at the end of the meal.",meal,neutral,2
"I plan to come here again and look forward to trying their assortment of bruschetta, panini's.....",bruschetta,positive,0
"They did not have mayonnaise, forgot our toast, left out ingredients (ie cheese in an omelet), below hot temperatures and the bacon was so over cooked it crumbled on the plate when you touched it.",mayonnaise,negative,1
"They might be all business at the counter when you give your order, but their food says I love you.",food,positive,0
The place itself is beautiful the bar scene seems to be happening.,bar scene,positive,0
Knowledge of the chef and the waitress are below average.,waitress,negative,1
"I would recommend Roxy's for that, but not for their food.",food,negative,1
"Delicate spices, onions, eggs and a kick-ass roti.",eggs,positive,0
"I have known about this secret for the last 13 years, Emilio(the Godfather) has continued to serve food and wine for the gods at mortal prices.",prices,positive,0
"The staff is very kind and well trained, they're fast, they are always prompt to jump behind the bar and fix drinks, they know details of every item in the menu and make excelent recomendations.",menu,neutral,2
"The service is friendly, if not the most prompt in the world, the food is great, and the prices, while not cheap, won't put your wallet out of commission.",food,positive,0
"Get your food to go, find a bench, and kick back with a plate of dumplings.",food,neutral,2
Ambiance is barely romantic but management tries.,management,positive,0
"On the other hand, if you are not fooled easily, you will find hundreds of restaurants that will give you service and ambiance that is on par with Alain Ducasse, and food that will outshine in presentaion, taste, choice, quality and quantity.",service,neutral,2
The lobster sandwich is $24 and although it was good it was not nearly enough to warrant that price.,price,negative,1
Usually 3 vs. 4 items per dish.,dish,neutral,2
"Saturday, Nov. 6th I had a group from work come in with about 35 people and the staff was amazing to accomodate us.",staff,positive,0
The makhani was OK --the korma was bland.,makhani,neutral,2
Try the lasagnette appetizer.,lasagnette appetizer,positive,0
"I had a terrific meal, and our server guided us toward a very nice wine in our price range, instead of allowing us to purchase a similarly priced wine that wasn't as good.",price range,positive,0
"The cuisine from what I've gathered is authentic Taiwanese, though its very different from what I've been accustomed to in Taipei.",cuisine,neutral,2
"The staff was very attentive, the ambience lovely, and the food superb.",staff,positive,0
"On the other hand, if you are not fooled easily, you will find hundreds of restaurants that will give you service and ambiance that is on par with Alain Ducasse, and food that will outshine in presentaion, taste, choice, quality and quantity.",choice,negative,1
"Complimentary stuff kept coming, and when the waiter saw me opening a gift, I received my dessert on a plate that had Happy Birthday written on it, with a candlevery nice touch, and attentive staff.",waiter,positive,0
"The food, served in small tasting portions (as an option) is very good with each dish being better than the next.",served,neutral,2
"If you want a casual neighborhood bistro that has great food and excellent service, this is the place.",food,positive,0
"The decor is dark, cool and soothing, while the food's presentation is spectacular, considering the low prices.",decor,positive,0
Try the olive cream cheese or the lox spread on a whole wheat everything bagel.,olive cream cheese,positive,0
"The food inludes famous scrumptious bombay style chaat such as bhelpuri, sevpuri and samosa chaats, as well as other great indian appetizers.",samosa chaats,positive,0
"but when we looked at the menu, there weren't a lot of choices, most of them were dumplings in the appetizer section.",dumplings,neutral,2
"Pizza and garlic knots are great as well, I order from them quite often and the delivery is always super quick!",Pizza,positive,0
"The second you walk through the heavy vault like door, with people anticipating your arrival you get the sense that you are going to have the dining ride of a lifetime.",door,neutral,2
I recommend the meatballs and caprese salad and the beans on toast were a wonderful start to the meal!,caprese salad,positive,0
"Decent Thai food in cute - though a bit dank - little Nolita hangout, BUT service terrible.",service,negative,1
"For the quality of food, a little too expensive.",quality of food,negative,1
"The seafood is amazing, there's a good wine list, and the ever-changing menu always offers some great surprises.",menu,positive,0
"Lunch came with pickels and slaw, no extra charge.",Lunch,positive,0
The lobster sandwich is $24 and although it was good it was not nearly enough to warrant that price.,lobster sandwich,conflict,3
They charge $6.00 for rice.,rice,negative,1
"I asked for seltzer with lime, no ice.",seltzer with lime,neutral,2
"The portions are HUGE, so it might be good to order three things to split (rather than one appetizer and entree per person) for two people.",entree,neutral,2
The food is usually good but it certainly isn't a relaxing place to go.,food,positive,0
By far the best salad I have had in a fast food restaurant.,salad,positive,0
Friendly staff that actually lets you enjoy your meal and the company you're with.,meal,positive,0
For two people with tip was less than $25 bucks.,tip,neutral,2
"Fabulous service, fantastic food, and a chilled out atmosphere and environment.",environment,positive,0
Try the Pad Se-Ew or Chicken with Cashew Nuts for a memorable and repeatable experience.,Chicken with Cashew Nuts,positive,0
"We actually gave 10% tip (which we have never done despite mediocre food and service), because we felt totally ripped off.",tip,negative,1
"I stumbled upon this second floor walk-up two Fridays ago when I was with two friends in town from L.A. Being serious sushi lovers, we sat at the sushi bar to be closer to the action.",sushi,neutral,2
"The cafe itself was really nice with comfortable outdoor chairs and tables, but the service could have been better.",cafe,positive,0
"Aside from the rushed service, we were very impressed with the food and the drinks.",service,negative,1
There is no excuse for such lousy service!,service,negative,1
"The food was amazing, and the service was prompt and helpful, but not over-bearing or rushed.",food,positive,0
"The ambiance is minimal the food is not phenomenal, but some dishes are quite good, such as the eggplant parmesan, veal in carozza chicken saltimbocca.",ambiance,positive,0
Their exotic salad is basic ly a delcious little green salad with a peanut sauce that is perfect before their sweet basil fried tofu.,peanut sauce,positive,0
"stick with the chicken, beef, and lamb dishes.",lamb dishes,positive,0
bottles of wine are cheap and good.,bottles of wine,positive,0
The bar is very well stocked with interesting beers and well priced wines.,priced,positive,0
"As far as the service goes, the waitresses were not particularly friendly, but they got the job done.",waitresses,conflict,3
"During the course of the past 3 months, the chef and staff changed and it was not for the better.",chef,negative,1
Kosher dills are the perfect compliment for your unforgetable sandwich and they give you plenty of them.,Kosher dills,positive,0
"One of my favorites though was the Angry Lobster, a cold lobster salad that was magnificent.",Angry Lobster,positive,0
"Try the hot dogs too, they're snappy and delicious.",hot dogs,positive,0
"Nice ambiance, nice little bar, good bartender, Francois, and good service.",bartender,positive,0
"- the bread at the beginning is super tasty and makes you want more - the pizza is delicious and comes in personal sizes, however be warned that the Peter's Favourite pizza with prosciutto and baby arugula is actually a margarite pizza with cold prosciutto and baby arugula on top, like a salad.",salad,neutral,2
Beef noodle soup is good as well.,Beef noodle soup,positive,0
"Given the incredible architecture surrounding it, this place has no character.",place,negative,1
"Be sure to try the seasonal, and always delicious, specials.",specials,positive,0
After really enjoying ourselves at the bar we sat down at a table and had dinner.,table,neutral,2
"The bruscetta is a bit soggy, but the salads were fresh, included a nice mix of greens (not iceberg) all dishes are served piping hot from the kitchen.",dishes,positive,0
I love the atmorphere @ peep!,atmorphere,positive,0
I'm still mad that i had to pay for lousy food.,food,negative,1
"I went at 6:00 PM specifically for the pre-theater menu ($19.95 for roasted tomato soup with chevre, steak frites, creme brulee) and it was marvelous.",roasted tomato soup with chevre,positive,0
"I have tried to make reservations, but both times, the hostess didn't have my name.",reservations,neutral,2
"Growing up in NY, I have eaten my share of bagels.",bagels,neutral,2
The staff is also attentive and friendly.,staff,positive,0
i don't usually order wine with indian so i can't comment on their wine list or their wines.,indian,neutral,2
"The food here is rather good, but only if you like to wait for it.",food,positive,0
"The only concern i have is with the slighly all-business waitstaff who order and throw the food down, rushing you out.",waitstaff,negative,1
"The food inludes famous scrumptious bombay style chaat such as bhelpuri, sevpuri and samosa chaats, as well as other great indian appetizers.",sevpuri,positive,0
Interesting other dishes for a change include chicken in curry sauce and salmon caserole.,salmon caserole,positive,0
In reality (to maximize potential diners) they were still taking phone reservations and reallocating tables of those waiting in the lobby.,tables,negative,1
"Fluke sashimi drizzled with jalapeno-lime olive oil, the fruit of the oil nicely highlighting the fish's sweetness.",Fluke sashimi,positive,0
"The food was amazing, and the service was prompt and helpful, but not over-bearing or rushed.",service,positive,0
"Their sushi, Kamikaze and other Rolls are fresh and well presented.",sushi,positive,0
Just bring someone who speaks Cantonese because waiter may not understand you.,waiter,negative,1
"We have never had any problems with charging the meal or the tip, and the food was delivered quickly, but we live only a few minutes walk from them.",food,positive,0
I keep my fingers crossed the whole subway ride hoping that there will be a table I can sit at by myself and not have to share with the rice congee soup people.,table,neutral,2
"The service was terrible, we had to wait for everything and ask several of different people for the same thing before we were allowed to be served.",served,negative,1
"I must warn the reader that the portions sizes are very small (especially the appetizers), so if you plan to eat until you are full and do not intend to order the chef's special tasting menu, prepare to order and pay for an appetizer (1 dish for each person because the portions are not for sharing), a main entree, and the cold udon at the end of the meal.",portions,negative,1
They wouldnt even let me finish my glass of wine before offering another.,glass of wine,neutral,2
Edible but really a ripoff at those prices given whats in the area.,prices,negative,1
"BUt their best dish is thh Thai spiced curry noodles with shrimp - a dish that would cost $23.95 is most places, but it is $16 here.",Thai spiced curry noodles with shrimp,positive,0
"Planet Thailand has always been a hit with me , I go there usually for the sushi, which is great , the thai food is excellent too .",thai food,positive,0
"My wife and I also enjoyed the spinach, the Shanghai low mein, and other attractions.",Shanghai low mein,positive,0
The manager claimed that he could not compensate us for anything on the bill which just shows the lack of sophistication from the entire group.,manager,negative,1
The service is a little scatty at times but all is forgiven when the food arrives.,food,positive,0
Their sake martini is wonderful.,sake martini,positive,0
Drinks way over priced.,priced,negative,1
I really loved the different and inovated touch that's the cheff gives to the food.,cheff,positive,0
"We laughed when he finally offered us a dessert menu and we left a 10 percent tip, which was generous, I feel.",tip,positive,0
We could have made a meal of the yummy dumplings from the dumpling menu.,dumpling menu,positive,0
"Even though I made the reservation at 3pm for the same night through Dinnerbroker, we were seated at a table with one of the best view!",seated,positive,0
"I have tried to make reservations, but both times, the hostess didn't have my name.",hostess,negative,1
The service is awful--the last time I was there (and I do mean the last time) we were told that they needed our table so we would have to leave.,service,negative,1
Pastrami or corned beef are juicy and piled high (ask for extra rye bread).,rye bread,positive,0
The buffet had a nice selection.,selection,positive,0
Rao's has the best service and atmosphere in NYC.,service,positive,0
"Aside from the Sea Urchin, the chef recommended an assortment of fish including Fatty Yellow Tail, Boton Shrimp, Blue Fin Torro (Fatty Tuna), Sea Eel, etc.",Blue Fin Torro (Fatty Tuna),neutral,2
"The large selection of bruschettas, paninis, tramezzinis keep the palate from stagnating.",paninis,positive,0
This place is always very crowded and popular.,place,positive,0
The staff ignored my friends and I the entire time we were there.,staff,negative,1
"But the best part about LS is the late night atmosphere, delightfully free of the BTs.",atmosphere,positive,0
"The wait staff is very freindly, they make it feel like you're eating in a freindly little european town.",wait staff,positive,0
"That is a problem since we paid about 20 bucks a dish, and had to order 5 dishes to get a decent taste.",dish,negative,1
"The Italian food has flavor (that can be sort of surprising on the UES), and the service turns from a nightmare to attentive,they sort of remind me of the NY Yankees of the late 90's, no matter how bad it look, you knew that there was a rally just around the corner...",service,conflict,3
"Everything is always cooked to perfection, the service is excellent, the decor cool and understated.",service,positive,0
I couldn't reccommend their Godmother pizza any higher.,Godmother pizza,positive,0
"The dishes offered were unique, very tasty and fresh from the lamb sausages, sardines with biscuits, large whole shrimp to the amazing pistachio ice cream (the best and freshest I've ever had).",pistachio ice cream,positive,0
"While I quite liked the food and the ambience, I'm not quite sure if it they really deserve it the Michelin rating they have displayed so prooudly in the window.",food,positive,0
"The food was just OK, at least for what food was available.",food,neutral,2
"No dress codes, no attitudes, plenty of comfort companionship, a great place to relax in an always busy Midtown.",dress codes,positive,0
"The only weird thing was if we got a bottle, the waitress would have simply multiplied the glass price X4, which makes no sense whatsoever.",price,negative,1
"The food is good, especially their more basic dishes, and the drinks are delicious.",dishes,positive,0
The place is so cool and the service is prompt and curtious.,service,positive,0
"For years, I thought Tuscan cuisine was the best, but Salvatore converted me to the hearty Neapolitan fare on my first visit.",Neapolitan fare,positive,0
The only thing more wonderful than the food (which is exceptional) is the service.,service,positive,0
The waiters were not attentive except that the bill turned up on the table before we were finished.,waiters,negative,1
This place is the most Japanese it can ever get.,place,positive,0
"Our favorite meal is a pesto pizza, the house salad, and a good bottle of wine.",pesto pizza,positive,0
I ordered the smoked salmon and roe appetizer and it was off flavor.,smoked salmon and roe appetizer,negative,1
"Volare virgins or weekly regulars, everyone gets treated the same and you can't ask for more than that when the service is this friendly.",service,positive,0
"Good crowd, good outdoor seating, with a hip japanese vibe.",vibe,positive,0
The staff is very attentive and we can almost always get a table.,table,positive,0
So some of the reviews here are accurate about the crowd and noise.,crowd,negative,1
The food here does a great service to the name (Cantonese that is...).,Cantonese,positive,0
great place to go for a drink too because they have 100 kinds of beer.,kinds of beer,positive,0
The design and atmosphere is just as good.,design,positive,0
"To begin, we were told there was a 30 minute wait and started to leave, when the hostess offered to call us on our cell phone when the table was ready.",hostess,positive,0
"We shared a bottle of sake, an order of edamames, and she had the sushi plate while I had the sashimi.",sashimi,neutral,2
Rao's has the best service and atmosphere in NYC.,atmosphere,positive,0
"word of advice, save room for pasta dishes and never leave until you've had the tiramisu.",pasta dishes,positive,0
"The service was impeccable and unobtrusive -- the staff knows what they are there to do -- to know their menu, present your meal, and attend to your needs.",service,positive,0
The fish was not fresh and the rice tasted old and stale.,rice,negative,1
"Delicious food, excellent service, and a pretty atmosphere make this a great choice for dinner and the $5.99 lunch buffet makes it an even better choice for lunch!",food,positive,0
The fish is fresh but the variety of fish is nothing out of ordinary.,variety of fish,negative,1
big and soft as well as good lunch food.,lunch food,positive,0
"They forgot a sandwich, didn't include plastic forks, and didn't include pita with the hummus platter.",hummus platter,neutral,2
"Not the greatest sushi place, but excellent for a $19.95 all you can eat.",sushi place,negative,1
Another plus is most of the entrees are approx.,entrees,positive,0
Food is excellent.,Food,positive,0
"I recommend their Pad See Ew, Pork Chops or Tofu plates.",Tofu plates,positive,0
I have never better enjoyed humble root vegetables or a mushroom consomme - and this chef accomplishes without fats.,root vegetables,positive,0
I could have drank 4 glasses of water and still been parched - so watch out.,glasses of water,neutral,2
The jukebox plays everything from Italian Opera to The Strokes.,jukebox,positive,0
This is the perfect date spot for Williamsburg couples.,date spot,positive,0
i don't usually order wine with indian so i can't comment on their wine list or their wines.,wines,neutral,2
"Yes, they use fancy ingredients, but even fancy ingredients don't make for good pizza unless someone knows how to get the crust right.",ingredients,positive,0
The food was delicious but do not come here on a empty stomach.,food,conflict,3
We visited Orsay during NY Restaurant Week and tried their $35 menu.,menu,neutral,2
"THR AT MOSHPHERE IS COMPACT, MODERN, YET COZY.",AT MOSHPHERE,positive,0
and yes Dal Bukhara is so dam good and so are all the kababs.,Dal Bukhara,positive,0
Very good service and very good prices.,prices,positive,0
Baluchi's has solid food and a nice decor at reasonable prices.,prices,positive,0
The waiters and owners were nonchalant about this and promised to call the exterminator but weren't as dismayed or apologetic as I would have expected.,owners,negative,1
"After being told that our party of three would be seated in 10 minutes and watching other parties (multiples of 2 and higher) seated for 40 minutes, the three of us were squished into a small 2-person table.",2-person table,negative,1
"Overall, the ingredients and technique are there and I am encouraged enough to return at lunch or dinner to see whether the boldness of the flavour palette improves.",technique,positive,0
"The food however, is what one might expect.",food,neutral,2
Yes you have to wait to be seated and because its small there is no waiting area and the seat at the bar was all taken.,wait,negative,1
The brioche and lollies as party favors is a cute and sweet touch to a most memorable meal.,brioche and lollies,positive,0
They are the best bagels I've had.,bagels,positive,0
would have rather tried terrace in the sky or water club for that price,price,negative,1
The sweet lassi was excellent as was the lamb chettinad and the garlic naan but the rasamalai was forgettable.,sweet lassi,positive,0
The food here does a great service to the name (Cantonese that is...).,food,positive,0
"Aside from the rushed service, we were very impressed with the food and the drinks.",food,positive,0
I am happy i did the food was awsome.,food,positive,0
The pickles were great addition.,pickles,positive,0
"night without a reservation, we had to wait at the bar for a little while, but the manager was so nice and made our wait a great experience.",reservation,neutral,2
Great romantic place for a date (try to get the corner booth table for a little privacy and to sit close!).,privacy,positive,0
This is a nice restaurant if you are looking for a good place to host an intimate dinner meeting with business associates.,dinner meeting,neutral,2
Priced at upper intermediate range.,Priced,negative,1
You can get an excellent meal at most of the many Indian restaurants on nearby Lexington Avenue for the cost of one the dainty dishes here.,dishes,positive,0
"Everything, from the soft bread, soggy salad, and 50 minute wait time, with an incredibly rude service to deliver below average food.",salad,negative,1
I've had to wait only a few times during lunch but this place is definitely worth the wait.,lunch,neutral,2
"It is far more popular as a bar than as a restaurant, with only a few tables and the waiter being the bartender, but we greatly enjoyed the unobtrusive atmosphere.",bartender,neutral,2
"While this isn't classical restaurant fare, the chef has given new life to an old cuisine with some really innovative and tasty dishes that are genuinely Indian without being heavy or same old restaurant burn-outs.",cuisine,neutral,2
We even had a visit from the Manager who wanted to make sure we were enjoying ourselves.,Manager,positive,0
"We shared a bottle of sake, an order of edamames, and she had the sushi plate while I had the sashimi.",sushi plate,neutral,2
"My host asked for appetizers for the group and the waiter gave us not only what we ordered, but some other items that were not ordered.",appetizers,neutral,2
"Going to Volare is like going to your favorite aunt's house for dinner, assuming that your aunt is a great Italian cook.",dinner,neutral,2
Service was very friendly.,Service,positive,0
"The cafe itself was really nice with comfortable outdoor chairs and tables, but the service could have been better.",outdoor chairs,positive,0
"I love when restaurants think using fancy expensive ingrediants makes the food fine cuisine, even with no idea how to use them.",cuisine,positive,0
Definitely not worth the price!,price,negative,1
"A cheap eat for NYC, but not for dosa.",eat,positive,0
Its worth the wait though.,wait,conflict,3
The food was bland oily.,food,negative,1
"I come from a family of pizzeria owners, and I'm almost ashamed to say that the pizza in Fornino's blows my families receipies away.",pizza,positive,0
"The dishes offered were unique, very tasty and fresh from the lamb sausages, sardines with biscuits, large whole shrimp to the amazing pistachio ice cream (the best and freshest I've ever had).",large whole shrimp,positive,0
"Great food, great prices, great service.",service,positive,0
I have never better enjoyed humble root vegetables or a mushroom consomme - and this chef accomplishes without fats.,chef,positive,0
I go back in line like three times on average until I can't walk anymore.,line,negative,1
"The freshest, best variety, and the fastest delivery.",variety,positive,0
"If you're not familiar with the cuisine, you may encounter problems ordering here and be sure to bring plenty of cash with you as they don't accept credit cards.",cuisine,negative,1
"It's super-trendy and there's always someone to take that empty seat, so it seems that customer service has been deemed not of the essence.",seat,neutral,2
Traditional French decour was pleasant though the hall was rather noisy - the restaurant was full and we had to raise our voices to be able to maintain a conversation.,Traditional French decour,positive,0
Unique apppetizers.,apppetizers,positive,0
"Service was warm and attentive, beef carpaachio was exellent (huge portion) and pasta was fresh and well-prepared.",beef carpaachio,positive,0
"And it all comes at a very reasonable price (congee, noodles, and rice dishes are no more than $3-6 each).",rice dishes,neutral,2
"I must warn the reader that the portions sizes are very small (especially the appetizers), so if you plan to eat until you are full and do not intend to order the chef's special tasting menu, prepare to order and pay for an appetizer (1 dish for each person because the portions are not for sharing), a main entree, and the cold udon at the end of the meal.",chef,positive,0
We had a 3 hour brunch- they definitely do not rush you- and they kept the unlimited mimosas flowing the whole time.,brunch,positive,0
After my 3rd time the manager remembered me and treated me like an usual customer.,manager,positive,0
"The red curry is weak and tasteless, the pad thai is stuck together and lumpy, the rice is often overcooked, and the seafood is pretty sketchy.",rice,negative,1
My husband and I enjoy Sangria.,Sangria,positive,0
"Haru serves very fresh fish, has a trendy, modern ambiance, prime location on Park Avenue South and friendly service.",ambiance,positive,0
This was the worst dining experience I've ever had.,dining experience,negative,1
"I had the black cod with yuzu sauce, which was wonderful.",black cod with yuzu sauce,positive,0
They are served with a free appetizer and the portions are perfect for lunch.,lunch,neutral,2
"While certain staples are excellent (the burger, some of the pastas), the food is not really the point.",pastas,positive,0
"Apparently, the good cook works then.",cook,positive,0
I really liked the noodle dishes at Rice Avenue compared to their Green Curry dish.,Green Curry dish,negative,1
"The entree was bland and small, dessert was not inspired.",dessert,negative,1
Our agreed favorite is the orrechiete with sausage and chicken (usually the waiters are kind enough to split the dish in half so you get to sample both meats).,orrechiete with sausage and chicken,positive,0
"The sushi has been from average to below average, the wait service has always been sub-par the atmosphere goes from nice to really irritating (if you sit in the area beyond the kitchen, the acousitcs are horrid, everything echoes is extremely loud).",atmosphere,conflict,3
"The ambiance is minimal the food is not phenomenal, but some dishes are quite good, such as the eggplant parmesan, veal in carozza chicken saltimbocca.",eggplant parmesan,positive,0
"Well, this place is so Ghetto its not even funny.",place,negative,1
"Bagels are ok, but be sure not to make any special requests!",Bagels,neutral,2
"Delicate spices, onions, eggs and a kick-ass roti.",onions,positive,0
The lunch special is an asbolute steal.,lunch special,positive,0
A cool place to hang with your friends for a couple of healthy drinks and desserts.,drinks,positive,0
"When you're sitting in their main dining room (which has a spectacular, hand-painted high ceiling) you'd never know there was a world outside.",ceiling,positive,0
"The wait staff is very friendly, if not overly efficient.",wait staff,positive,0
Even the pasta is delicious here (a rarity in New York pizza restaurants).,pasta,positive,0
We arrived on time for our reservation and seated promptly.The,reservation,positive,0
now if they could only get a toaster.,toaster,negative,1
Great romantic place for a date (try to get the corner booth table for a little privacy and to sit close!).,corner booth table,positive,0
"Other than being a little crowded and a bit overpriced, the atmosphere is filled with energy (and the beautiful people of course) and the food was surprising good!",people,positive,0
"The menu was impressive with selections ranging from a burger, to steak, to escargot.",escargot,neutral,2
"Super friendly and knowledgable staff, fabulous bistro fare and a wonderful jazz brunch with great live jazz (the chilaquiles were awesome!",jazz brunch,positive,0
"Frankly, when you compare what you can have here for lunch, versus McDs or so many other sandwich shops in the city, there is no comparison.",lunch,positive,0
"sometimes i get bad food and bad service, sometimes i get good good and bad service.",service,negative,1
I have eaten there 3-4 times and the food was always good.,food,positive,0
Service is highly refined: our seating was delayed 35 minutes past our reservation and the maitre d' apologized and regularly kept us apprised of progress.,reservation,negative,1
"Even with a relatively inexpensive botle of wine, if you can call $70.00 inexpensive, the cost is through the roof for better than average fare.",botle of wine,conflict,3
"Pizza - the only pizza in NYC that should not have additional toppings - the crust tastes like the best, freshly baked bread!",bread,positive,0
"The service was attentive, yet discreet.",service,positive,0
"The restuarant itself is not large, but seems to have several round tables to accomodate large groups hoping to save a buck to eat authentic Taiwanese.",round tables,positive,0
The waiter actually poured water on my hand and walked away.,waiter,negative,1
"During our meal, the management came over and checked on us and even bought us a round of drinks.",meal,neutral,2
"Great wine, great food.",food,positive,0
"Because we didn't have a reservation, we could only sit in the back garden, but it was great, secluded and perfect in nice weather.",reservation,negative,1
A must for all the Dosa lovers.,Dosa,positive,0
This food is asian-air fusion.,food,neutral,2
one of the best Chicken Tikka Masala.,Chicken Tikka Masala,positive,0
The steak was excellent and one of the best I have had (I tasted the butter intitally but in no way did it overwhelm the flavor of the meat).,butter,negative,1
"Thalia is a beautiful restaurant with beautiful people serving you, but the food doesn't quite match up.",food,negative,1
"Get your food to go, find a bench, and kick back with a plate of dumplings.",plate of dumplings,positive,0
"I've had the lunch buffet at Chennai a couple of times, when I have been in the neighborhood.",lunch buffet,neutral,2
They need a kick out of it but until then the sushi is pretty good and the place is consistent.,place,positive,0
"We, there were four of us, arrived at noon - the place was empty - and the staff acted like we were imposing on them and they were very rude.",staff,negative,1
Great pizza and fantastic service.,service,positive,0
"Unlike HH up the block, this place actually gives you hearty and hot bagels this town is known for.",bagels,positive,0
"(food was delivered by a busboy, not waiter) We got no cheese offered for the pasta, our water and wine glasses remained EMPTY our entire meal, when we would have easily spent another $20 on wine.",wine,neutral,2
They offer the same menu but have creative drinks that are loaded with alcohol and cheeky names -- but they do cost you.,menu,neutral,2
"The staff is very kind and well trained, they're fast, they are always prompt to jump behind the bar and fix drinks, they know details of every item in the menu and make excelent recomendations.",drinks,neutral,2
"I love when restaurants think using fancy expensive ingrediants makes the food fine cuisine, even with no idea how to use them.",food,positive,0
"I got the $10 10-piece dim sum combo, every bite of which was great.",dim sum combo,positive,0
The appetizing is excellent - just as good as Zabars Barney Greengrass at a reasonable price (if bought by the pound).,appetizing,positive,0
"If you want Americanized Chinese food with your usual watery, generic white sauce, this is your place.",Chinese food,neutral,2
"The service was attentive, yet unimposing, the food was far better than many notorious restaurants in Midtown and the wine list is extensive and well priced.",service,conflict,3
"The restuarant itself is not large, but seems to have several round tables to accomodate large groups hoping to save a buck to eat authentic Taiwanese.",Taiwanese,positive,0
"Interesting selection, good wines, service fine, fun decor.",service,positive,0
My husband and I enjoyed each of the 6 taste size portions and left completely full.,portions,positive,0
"While this is a pretty place in that overly cute French way, the food was insultingly horrible.",food,negative,1
"Excellent dumplings served amid clean, chic decor.",dumplings,positive,0
I had the mango chicken and i can't go on to tell you how delicious that was and the presentation was beatiful.,presentation,positive,0
"Great food, great prices, great service.",prices,positive,0
Food and service was okay.,service,neutral,2
You can't say its cheap because food is cheaper in Chinatown.,food,conflict,3
Sushi wasn't anything spectacular for the price.,Sushi,neutral,2
"It's charmingly small and that leads to an atmoshere that is extremely cozy and romantic, even.",atmoshere,positive,0
"They never brought us complimentary noodles, ignored repeated requests for sugar, and threw our dishes on the table.",noodles,negative,1
Delivery service is great too.,Delivery service,positive,0
Not too crazy about their sake martini.,sake martini,negative,1
all the food was excellent - considering the quality of food in most moderately priced restaurants is mediocre this was slightly more pricey and well worth it.,food,positive,0
Delicious crab cakes too.,crab cakes,positive,0
The food itself was just ok - nothing spectacular - but the service was awful.,food,neutral,2
"What is even better, is that the prices are very affordable as well, and the food is really good.",food,positive,0
Three of us arrived for dinner about 5:30 on a week night without reservations.,dinner,neutral,2
My friend's food was also the complete opposite of what it's supposed to taste like (aND look like).,food,negative,1
Although we were looking for regular lettuce and some walnuts the salads we got were great.,walnuts,neutral,2
Food was OK - fish was cooked well.,fish,positive,0
But that wasn't the icing on the cake: a tiramisu that resembled nothing I have ever had.,icing on the cake,negative,1
"Service here was great, food was fantastic.",Service,positive,0
I had the mango chicken and i can't go on to tell you how delicious that was and the presentation was beatiful.,mango chicken,positive,0
"Nice ambiance, nice little bar, good bartender, Francois, and good service.",ambiance,positive,0
We ended our great experience by having Gulab Jamun (dessert) recommended by the waiter.,Gulab Jamun (dessert),positive,0
I always get the Shabu-Shabu dinner and the beef is always fresh.,beef,positive,0
"Disappointing food, lousy service.",service,negative,1
"Bottom line: B+ for the food, F for the service.",service,negative,1
I have never better enjoyed humble root vegetables or a mushroom consomme - and this chef accomplishes without fats.,mushroom consomme,positive,0
"The food is decent at best, and the ambience, well, it's a matter of opinion, some may consider it to be a sweet thing, I thought it was just annoying.",food,neutral,2
"Three page wine menu, one page entree and horedevous.",entree,positive,0
"The food is very good too but for the most part, it's just regular food, nothing special.",food,neutral,2
"If it's just a quick martini at the bar (which I recommend Jeffery's) or a mind blowing Roast Chicken, go to Village!",martini,neutral,2
"We have been to this place many times, and always have great food, wine, and service.",wine,positive,0
And the fried clams had just enough kick to them to make 'em worth eating.,fried clams,positive,0
Baluchi's has solid food and a nice decor at reasonable prices.,food,positive,0
You get the sense that the people there care about their restaurant and about your experience and that is very nice.,people,positive,0
"I found the food to be outstanding, particulary the salmon dish I had.",salmon dish,positive,0
The food is delicious and beautifully prepared along with the friendly and personable service.,food,positive,0
go here for the drinks!,drinks,positive,0
"No food snobs allowed, this place is for people who appreciate good food.",food,positive,0
The zucchini and mashed potatoes are a blend of garlic and butter which simply melts in your mouth.,garlic,positive,0
The dining room is quietly elegant with no music to shout over -- how refreshing!,music,positive,0
"Each table has a pot of boiling water sunken into its surface, and you get platters of thin sliced meats, various vegetables, and rice and glass noodles.",vegetables,neutral,2
"The food inludes famous scrumptious bombay style chaat such as bhelpuri, sevpuri and samosa chaats, as well as other great indian appetizers.",food,positive,0
The location and ambience is Ok but the food is what makes up for it.,location,neutral,2
"Great bar, most gorgeous bartenders you've ever seen (specifically the blond lady).",bartenders,positive,0
"An oasis of refinement:  Food, though somewhat uneven, often reaches the pinnacles of new American fine cuisine - chef's passion (and kitchen's precise execution) is most evident in the fish dishes and soups.",fish dishes,positive,0
"The ingredients taste fresher, the crust is thinner and crispier, the slice is less oily, and it's never burnt like it occasionally is at Joe's.",crust,positive,0
"Orsay, is without a doubt one of the best values for authentic French food in NYC.",French food,positive,0
"Even after getting pushed out by the no-class Famous Ray's, Sal has risen again to carry on his father's uncle's legacies with a smile, true love for his community, and let's not forget the Outstanding Pizza!",Pizza,positive,0
"Good French restaurant in an area devoid of decent restaurants unless you're into eating 4 pound pastrami sandwiches at Katz' Deli, or Mexican food which is supplied by capable restaurants.",pastrami sandwiches,neutral,2
"The ambiance is minimal the food is not phenomenal, but some dishes are quite good, such as the eggplant parmesan, veal in carozza chicken saltimbocca.",dishes,positive,0
"For all of you new to Indian food, try the Paneer Roll, it is a piece of heaven.",Indian food,positive,0
"The food was delicious (I had a halibut special, my husband had steak), and the service was top-notch.",halibut special,positive,0
"The tables are crammed way too close, the menu is typical of any Italian restaurant, and the wine list is simply overpriced.",wine list,negative,1
"Among all of the new 5th avenue restaurants, this offers by far one of the best values for your money.",values for your money,positive,0
"($200 for 2 glasses of champagne, not too expensive bottle of wine and 2 after dinner drinks).",bottle of wine,negative,1
"Aside from the Sea Urchin, the chef recommended an assortment of fish including Fatty Yellow Tail, Boton Shrimp, Blue Fin Torro (Fatty Tuna), Sea Eel, etc.",Sea Eel,neutral,2
"We figured we never had Argentinian Pizza before so we grabbed our lunch there, sharing a large Pelligrino, a pizza of two of their specials, one was goat cheese the other blue cheese, and both were excellent.",Pelligrino,positive,0
The bar is very well stocked with interesting beers and well priced wines.,wines,positive,0
"A cool bar with great food, and tons of excellent beer.",bar,positive,0
"The waitress, seems to be more concerned of looking good than actually waitressing.",waitress,negative,1
"It's constantly open, catering to the Pakistani cabbies lined up on Crosby St., so there's more turnover with the food than you'd expect (i.e., surprisingly fresh).",food,positive,0
"Excellent dumplings served amid clean, chic decor.",decor,positive,0
The fries are yummy.,fries,positive,0
"My goodness, everything from the fish to the rice to the seaweed was absolutely amazing.",fish,positive,0
"We ordered the special, grilled branzino, that was so infused with bone, it was difficult to eat.",grilled branzino,negative,1
"Since it literally is a complete hole in the wall, it's a bit intimidating at first, but you get over that very quickly as soon as the friendly staff welcomes you - don't hesitate to ask for help with what to get.",staff,positive,0
"Although the place could be a little more eye catching and roomier, at the same time, it doesn't really matter.",place,conflict,3
"It cannot be the ambience, because the place is very cramped and some guests have to sit in an aisle.",place,negative,1
"The drinks are a saving grace, but service staff, please, get over yourselves.",drinks,positive,0
Go here for a romantic dinner but not for an all out wow dining experience.,dinner,positive,0
We went around 9:30 on a Friday and it had died down a bit by then so the service was great!,service,positive,0
"A few tips: skip the turnip cake, roast pork buns and egg custards.",turnip cake,negative,1
"I don't like Indian food too much and this was delicious, however you want to factor that into the equation.",Indian food,positive,0
This place has the the correct ambience and an excellent staff to make you feel like a guest and a friend at the same time.,staff,positive,0
The food is awesome - definitely try the striped bass.,food,positive,0
Lahore is a great place to duck into late-night when you need some really tasty food on the cheap -- you'll likely have trouble finishing the amount of food you get for FOUR DOLLARS.,food,positive,0
"Great food, good size menu, great service and an unpretensious setting.",service,positive,0
"However, go for the ambience, and consider the food just a companion for a trip across the world!",food,negative,1
There are much better places in NY with better prices.,prices,negative,1
(Always ask the bartender for the SEASONAL beer!!!,SEASONAL beer,positive,0
"The last two times I ordered from here my food was soo spicy that  I could barely eat it, and the spice took away from the flavor of the dish.",dish,negative,1
"night without a reservation, we had to wait at the bar for a little while, but the manager was so nice and made our wait a great experience.",manager,positive,0
"While there are plenty of places to go for a good corned beef sandwich, Katz's has a charm about it.",corned beef sandwich,positive,0
Tried the pad see ew on the recommendation of the last reviewer since it's one of my favorite dishes.,pad see ew,neutral,2
"Everything, from the soft bread, soggy salad, and 50 minute wait time, with an incredibly rude service to deliver below average food.",service,negative,1
"otherwise, good stuff for late nite eats.",eats,positive,0
The bruschetta and panini's are so yummy!,panini,positive,0
"I also ordered the Change Mojito, which was out of this world.",Change Mojito,positive,0
"The beverages were excellent, and the dessert was good.",dessert,positive,0
Have the iced tea.,iced tea,positive,0
Decor leaves something to be desired.,Decor,negative,1
This restaurant used to be our regular Thursday night dinner location.,dinner location,neutral,2
The only friendly staff member was the guy at the bar.,bar,neutral,2
I grew up on these bagels.,bagels,positive,0
Prices too high for this cramped and unappealing resturant.,Prices,negative,1
"The well mannered, pleasant staff that Tony has in his employ.",staff,positive,0
"The food's dazzling flavors overwhelm the palate, truly embracing the beauty of authentic Thai cuisine.",food,positive,0
"The main course had an average portion, and was decent overall.",main course,positive,0
The food can get pricey but the prixe fixe tasting menu is the greatest food for a good price and they cater the food to any food allergies or food you don't like.,food,conflict,3
Prices are very good.,Prices,positive,0
I've read some of the previews reviews - people are either not New Yorkers or have more appreciation for ambience then food.,ambience,neutral,2
"While the place is not a hotspot hangout, the drinks are unique and pack a lot of bang for the buck.",place,negative,1
"He not only makes his own homemade mozzarella, but every pie is ultra fresh.",pie,positive,0
The cold appetizer dishes taste like the way I remember them to taste when I was growing up in Taiwan.,cold appetizer dishes,positive,0
"Granted the space is smaller than most, it is the best service you will find in even the largest of restaurants.",service,positive,0
Our first time in New York and we had to try a New York Bagel.,New York Bagel,neutral,2
These innovators of french indian fusion do a great job of making dishes as interesting as possible while still being accessible.,french indian fusion,positive,0
"The Pad thai, lad nar and various other dishes all look good on paper but, I've had better thai food in less asthetically pleasing places.",places,negative,1
They've the best desserts and mixed drinks as well as snack foods.,desserts,positive,0
"On the other hand, if you are not fooled easily, you will find hundreds of restaurants that will give you service and ambiance that is on par with Alain Ducasse, and food that will outshine in presentaion, taste, choice, quality and quantity.",quality,negative,1
You must have the crabmeat lasagna which is out of this world and the chocolate bread pudding for dessert.,dessert,positive,0
Never in my life did I think that I could be satisfied both in taste and in quantity for $3.00 in NYC.,quantity,positive,0
Great food and the prices are very reasonable.,food,positive,0
"I had their eggs benedict for brunch, which were the worst in my entire life, I tried removing the hollondaise sauce completely that was how failed it was.",brunch,neutral,2
"The food was very good, a great deal, and the place its self was great.",place,positive,0
Service was slow had to wait to order and get food although not crowded.,food,neutral,2
Went there and had a combination of different seafood dishes and appetizers.,appetizers,neutral,2
The fish is fresh and each piece is sliced to perfection and seasoned by the sushi chef (usually with a little fresh wasabi and soy sauce but also sometimes with some sea salt).,soy sauce,positive,0
We went to eat at the Jekyll and Hyde restaurant on Friday night and really enjoyed the fun atmosphere and good food.,atmosphere,positive,0
Went for a late weekday lunch.,lunch,neutral,2
Too bad the food wasn't of the same heritage.,food,negative,1
The owner and staff are all Japanese as well and that adds to the entire ambiance.,owner,positive,0
"After the main course came, we didn't see our waiter for at least 40 MINUTES!",waiter,negative,1
In reality (to maximize potential diners) they were still taking phone reservations and reallocating tables of those waiting in the lobby.,reservations,negative,1
"The service was attentive, yet unimposing, the food was far better than many notorious restaurants in Midtown and the wine list is extensive and well priced.",wine list,positive,0
"The dim sum is ok but doesn't taste that fresh, and the little dishes don't look steamy hot as they should (also note lack of Chinese here).",dim sum,negative,1
Our friendly server made great food suggestions and also sent both the sommelier and the fromager to the table to help suggest different pairings for wine and cheese.,fromager,positive,0
"The pesto pizza was excellent, thin-crust pizza with a nice amount of spicy Italian cheese that I'd never heard of before.",pesto pizza,positive,0
"my picks: Guizhou chicken, fish with hot bean source, fish fillet in spicy source (special menu).",special menu,positive,0
"Meanwhile, the bartender continued to pour champagne from his reserve after we had finished our bottle and we enjoyed an amuse of turnip soup with pureed basil, gratis.",champagne,neutral,2
"On the other hand, if you are not fooled easily, you will find hundreds of restaurants that will give you service and ambiance that is on par with Alain Ducasse, and food that will outshine in presentaion, taste, choice, quality and quantity.",taste,negative,1
"For appetizers, I recommend the shrimp fritters and dumplings.",dumplings,positive,0
i've been back to nha trang literally a hundred times for the beef cubes - they're that good.,beef cubes,positive,0
"I didn't expect to like Nosh as much as I did, but the pastrami on challah sandwich I had was otherworldly, the soups are like Mom's, and the knishes give Yonah Schimmel's a run for its money.",pastrami on challah sandwich,positive,0
"So, for good food i'd recommend it, but not for a fun night out.",food,positive,0
I would have gotten some cole slaw and a knish if my stomach had more space.,knish,neutral,2
I look forward to eating here again,eating,positive,0
"All the money went into the interior decoration, none of it went to the chefs.",interior decoration,positive,0
The food now is inconsistent.,food,negative,1
"We arrived for dinner expecting to be impressed by a place that has an impressive past - but, that's just it -- the PAST!",dinner,neutral,2
"We asked to be moved (which took half an hour), and then were seated in a high traffic area in the back, even though the rest of the room was practically empty.",area,negative,1
Try the tandoori salmon!,tandoori salmon,positive,0
We took advanatage of the half price sushi deal on saturday so it was well worth it.,half price sushi deal,positive,0
The bar is very well stocked with interesting beers and well priced wines.,beers,positive,0
"Over price, and small portions .",portions,negative,1
you can actually get 2 salads worth if u take it home and add it to some lettuce!,salads,negative,1
"Unlike other places in NYC where the sandwiches you want only come as a triple-decker, here you can get what you want in a reasonably-sized portion (and price).",portion,positive,0
"Emilio, the owner, is often sitting in the front table greeting guests as they come and go.",owner,positive,0
This little place definitely exceeded my expectations and you sure get a lot of food for your money.,food,positive,0
"Great for groups, great for a date, great for early brunch or a nightcap.",brunch,positive,0
The outdoor atmosphere of sitting on the sidewalk watching the world go by 50 feet away on 6th avenue on a cool evening was wonderful.,outdoor atmosphere,positive,0
Decor is nice though service can be spotty.,service,negative,1
"Service is great, takeout is good too.",Service,positive,0
We got a little tipsy from the sake but isn't that what Saturday nights with the girlfriends are all about?,sake,neutral,2
"Yes, the prices are high, but I felt it was worth it.",prices,conflict,3
"The service was impeccable and unobtrusive -- the staff knows what they are there to do -- to know their menu, present your meal, and attend to your needs.",staff,positive,0
"I have had so many dinners here and it's always been perfect - on a date with my husband, with my mom, with girlfriends and larger groups.",dinners,positive,0
"If you are someone who appreciates the same things but hope to have food to spare or share, Kai may not be the best option.",food,neutral,2
"$160 for 2 filets, 2 sides, an appetizer and drinks.",sides,neutral,2
"great food, lt's of it, more then one person can eat!",food,positive,0
"We've been following chef Lyle's food around New York for 15 years and while remaining classic, his innovations with bistro fare have made us return and return.",bistro fare,positive,0
We had a 3 hour brunch- they definitely do not rush you- and they kept the unlimited mimosas flowing the whole time.,mimosas,positive,0
"sometimes i get bad food and bad service, sometimes i get good good and bad service.",good,positive,0
We got in line and were served while in line a bannan fritter.,served,neutral,2
"The prices cannot be beat for the quality, quantity, freshness and taste.",quality,positive,0
"The have over 100 different beers to offer thier guest so that made my husband very happy and the food was delicious, if I must recommend a dish it must be the pumkin tortelini.",food,positive,0
"They forgot a sandwich, didn't include plastic forks, and didn't include pita with the hummus platter.",pita,neutral,2
"Two people in our party felt like something else, and Volare immediately obliged with two great dishes that were not in their regular menu.",menu,neutral,2
I cannot imagine better Indian food in all of the city.,Indian food,positive,0
"I have been here a few times for dinner, once for brunch and twice for lunch.",lunch,neutral,2
"The menu changed, portions were even smaller than before, a lentil dish was salty beyond edibility, a basmati rice dish lacked flavor.",basmati rice dish,negative,1
"Top spot in town for Vietnamese classics, better than places that cost a lot more.",Vietnamese classics,positive,0
For those prices and the dressed up atmosphere you expect more and should get more.,prices,negative,1
"If you don't mind pre-sliced low quality fish, unfriendly staff and a sushi chef that looks like he is miserable then this is your place.",fish,negative,1
"The portions are now very small, the sauces are overly-ambitious usually inedible while the service is still good, the restaurant, due to its popularity, seems frantic.",service,positive,0
The prices are exceptionally reasonable for food of this caliber.,prices,positive,0
"They never brought us complimentary noodles, ignored repeated requests for sugar, and threw our dishes on the table.",dishes,negative,1
And at the conclusion of this culinary nightmare the check was given to our table by knocking over a glass of water.,glass of water,neutral,2
"The staff was accomodating, the food was absolutely delicious and the place is lovely.",staff,positive,0
"night without a reservation, we had to wait at the bar for a little while, but the manager was so nice and made our wait a great experience.",bar,neutral,2
"Eating in, the atmosphere saves it, but at your desk, it's a very disappointing experience.",atmosphere,positive,0
"And forget what you read under me, the atmosphere isn't that bad either.",atmosphere,neutral,2
The drinks are always welll made and wine selection is fairly priced.,drinks,positive,0
"Otherwise, this place has great service and prices and a nice friendly atmosphere.",atmosphere,positive,0
The staff offers impeccable service.,service,positive,0
From the complimentary chef app of a delicate butternut squash ravioli in a delicious truffle sauce to an amazing buttery and tender langostine entree to a dessert that I can't remember because of the fabulous Cakebread Cabernet we were drinking -- the whole evening was amazing.,dessert,neutral,2
"being a fan of spicy ethnic foods, indian included, i made friends with this place long ago.",spicy ethnic foods,positive,0
"The seafood is amazing, there's a good wine list, and the ever-changing menu always offers some great surprises.",seafood,positive,0
I almost hesititate to write a review because the atmosphere was so great and I would hate for it too become to crowded.,atmosphere,positive,0
He takes real pride in his food and his business.,food,positive,0
The last time I went we were seated at a table in a corridor next to the kitchen.,table,negative,1
"When my dessert came, there was a candle in it - not because anyone asked for one - but because the waiter must have seen me opening my birthday card and gift, and said he knew it was a special occassion of some sort.",waiter,positive,0
I recommend this spot to anyone who enjoys  fine cuisine at reasonable prices.,prices,positive,0
The prices and ambience are especially great considering it's in the West Village.,ambience,positive,0
"Southern Indian cuisine is still there, too.",Southern Indian cuisine,neutral,2
"The menu is Prix Fixe, so be prepared to spend at least $60 per person, but it is Well worth itsuperb food.",menu,negative,1
"The wine list isn't great, and the desserts are shipped in from Bruno's down the street, which is not as good as it used to be.",desserts,negative,1
"The service was bad, the food took to forever to come, we sat on the upper level.",food,negative,1
The food was well prepared and the service impecable.,service,positive,0
The music is the best among all the Indian restaurants I have visited.,music,positive,0
"First the wrong bread came out with the appetizer, then when i tried to order a second glass of wine for my main course...",main course,neutral,2
Both times we waited well over a half hour for a table (even though we had reservations).,table,negative,1
"My host asked for appetizers for the group and the waiter gave us not only what we ordered, but some other items that were not ordered.",waiter,neutral,2
"While we enjoyed the food, we were highly disappointed by the poor service (waiter was not quite competent and SLOW service) and lack of remorse.",service,negative,1
I LOVE their Thai noodles with shrimp and chicken and coconut juice is the MUST!,Thai noodles with shrimp and chicken and coconut juice,positive,0
"Luckily we saved room for the BBQ Salmon, Sea Bass and Crispy Duck.",Crispy Duck,positive,0
If you go here - your focus should be the Tamarind Margaritas.,Tamarind Margaritas,positive,0
"Super friendly and knowledgable staff, fabulous bistro fare and a wonderful jazz brunch with great live jazz (the chilaquiles were awesome!",bistro fare,positive,0
"All the appetizers and salads were fabulous, the steak was mouth watering and the pasta was delicious!!!",appetizers,positive,0
"The cafe itself was really nice with comfortable outdoor chairs and tables, but the service could have been better.",service,negative,1
"Not a large place, but it's cute and cozy.",place,conflict,3
Other apetizers and food,apetizers,neutral,2
IT IS WHAT MODERN CUISINE IS ALL ABOUT.,CUISINE,positive,0
"The food is very good for it's price, better than most fried dumplings I've had.",food,positive,0
It won't break the bank but I also wouldnt come back for the food.,food,negative,1
"They did not have mayonnaise, forgot our toast, left out ingredients (ie cheese in an omelet), below hot temperatures and the bacon was so over cooked it crumbled on the plate when you touched it.",ingredients,negative,1
"While the ambiance and atmosphere were great, the food and service could have been a lot better.",ambiance,positive,0
"I like the somosas, chai, and the chole, but the dhosas and dhal were kinda dissapointing.",chole,positive,0
"In such a crappy part of town to find a good value for lunch, this place is great.",value,positive,0
"Ive been to many Thai restaurants in Manhattan before, and Toons is by far the best Thai food Ive had (except for my mom's of course).",Thai food,positive,0
"For the price, you cannot eat this well in Manhattan.",price,positive,0
"Oh, don't even let me start with how expensive the bills were!",bills,negative,1
Nothing better than buying a snapple for $3.25 too.,snapple,positive,0
It appears to be the owner's first venture and it shows.,owner,negative,1
"We couldn't carry our conversation as we were routinely interrupted by waitress and servants asking us to order and hinting that we're taking too much time -- amazing, we just sat down.",waitress,negative,1
like saying her bread comes from a special bakery when we have seen her buying it dowtown manhathan.,bread,negative,1
I will recommend Scopa to all of my friends for a place to go for wonderful Italian food.,Italian food,positive,0
"All I can say is $2 pints during happy hour and the some of the cheapest oysters you'll find in the city, though the quality is some of the best.",oysters,positive,0
"Average to good Thai food, but terrible delivery.",delivery,negative,1
They've the best desserts and mixed drinks as well as snack foods.,snack foods,positive,0
"I have known about this secret for the last 13 years, Emilio(the Godfather) has continued to serve food and wine for the gods at mortal prices.",food,positive,0
Personal pans are the perfect size for those hungry nights.,Personal pans,positive,0
"Whenever you need a Sushi fix, Mizu will be there with quality fish and great service.",Sushi fix,positive,0
"Though the Spider Roll may look like a challenge to eat, with soft shell crab hanging out of the roll, it is well worth the price you pay for them.",Spider Roll,conflict,3
"However, they've got the most amazing pastrami and the soups hit the spot.",soups,positive,0
"The dosas are skimpy, unattractive and drip with grease, and personally I'd drink popcorn topping before I'd eat another one of these.",popcorn topping,neutral,2
Three of us arrived for dinner about 5:30 on a week night without reservations.,reservations,neutral,2
"good music, great food, speedy service affordable prices.",music,positive,0
I've been here 3 times for lunch and it is one of my favorites in the city.,lunch,neutral,2
The staff is very attentive and we can almost always get a table.,staff,positive,0
"Nha Trang, while being notorious for utter lack of comfort and decor, horribly slow wait staff and horribly quick meals, is one of the best vietnamese restaurants i've ever been to. the pho is delicious and comes with very fresh vegtables.",wait staff,negative,1
They are served with a free appetizer and the portions are perfect for lunch.,portions,positive,0
I was with a party of 7 (close but not next the the front doors) and we were eating with our coats on.,front doors,neutral,2
The brioche and lollies as party favors is a cute and sweet touch to a most memorable meal.,meal,positive,0
"Still, any quibbles about the bill were off-set by the pour-your-own measures of liquers which were courtesey of the house...",bill,conflict,3
The service was friendly and the atmosphere was casual.,atmosphere,positive,0
"As far as the service goes, the waitresses were not particularly friendly, but they got the job done.",service,conflict,3
Spreads and toppings are great - though a bit pricey.,toppings,positive,0
The ambience is authentic and relaxing and we have always received attentive and prompt service.,ambience,positive,0
"The service was impeccable and unobtrusive -- the staff knows what they are there to do -- to know their menu, present your meal, and attend to your needs.",menu,neutral,2
"If you are in a big group, this place is perfect because it recomends sharing - they have lazy susans on most tables - even families can feel comfortable here.",tables,positive,0
But they've done a really nice job of offering all the typical pizzeria faves plus some terrific specials like the Godmother pizza (a sort of traditional flat pizza with an olive oil-brushed crust and less tomato sauce than usual).,specials,positive,0
"To celebrate a birthday, three of us went to Mare anticipating great food.",food,neutral,2
They had scrapped the bottom of the vessel in which they make the rice -RESULT - WE HAD LARGE CHUNKS OF BURNT RICE IN OUR SERVING BOWL.,rice,negative,1
"We ate out in the back patio, which is worth it as it's cool and the music is hear well there.",back patio,positive,0
"A narrow corridor leads to a tiny space where there are three tiny white tiled counters, a great deal of mess (stacks of bottles, cans) and a small counter holding 12-14 entrees.",counters,negative,1
One should not go to Lucky Strike for the food.,food,negative,1
"There was a small wait, but shorter than I expected.",wait,conflict,3
"Barbecued codfish was gorgeously moist - as if poached - yet the fabulous texture was let down by curiously bland seasoning - a spice rub might have overwhelmed, however herb mix or other sauce would have done much to enhance.",spice rub,negative,1
The quality of food at this restaurant accompanied  by fantastic live jazz makes this place a perfect 10!,live jazz,positive,0
"My entree of hot pot with seafood was full of imitation crabmeat with a couple pieces of shrimp and squid, and was unnecessarily heated with a burner.",shrimp,negative,1
"Aside from the Sea Urchin, the chef recommended an assortment of fish including Fatty Yellow Tail, Boton Shrimp, Blue Fin Torro (Fatty Tuna), Sea Eel, etc.",chef,neutral,2
The service was fast and friendly and the food was very tasty and they had the best hot sauce to add to your meals.,food,positive,0
The dim sum however was very good.,dim sum,positive,0
The pizza was delivered cold and the cheese wasn't even fully melted!,cheese,negative,1
Diner food at bistro prices is a bummer....,food,negative,1
"Dessert - can't be missed, so save room!!!",Dessert,positive,0
I would have gotten some cole slaw and a knish if my stomach had more space.,cole slaw,neutral,2
We had champagne and caviar and felt like princesses!,champagne,positive,0
The food can get pricey but the prixe fixe tasting menu is the greatest food for a good price and they cater the food to any food allergies or food you don't like.,food,positive,0
they bring service up a notch by offerng complementary amuse bouche to all tables and gave us a small dessert for our celebration.,tables,positive,0
INCREDIBLY POOR SERVICE AN FOOD QUALITY AT EXORBITANT PRICES.,FOOD QUALITY,negative,1
"The table service could have been a little more attentive but as someone who also works in the service industry, I understood they were busy.",service,neutral,2
I found the variety of the sashimi plate to be satisfying - fresh and yummy.,sashimi plate,positive,0
"I've had the chicken with garlic sauce, chicken with black bean sauce, and hunan chicken.",hunan chicken,neutral,2
The menu seemed to have a wide variety of dishes for seafood lovers and interesting ways of preparing them.,menu,positive,0
Add to that great service and great food at a reasonable price and you have yourself the beginning of a great evening.,price,positive,0
I also recommend the rice dishes or the different varieties of congee (rice porridge).,rice dishes,positive,0
"We've only eaten in the restaurant once, but we have ordered many times for dinner.",dinner,neutral,2
"The owner is very friendly and a great guy, go try his pizza, you'll like it!",pizza,positive,0
"It's like they took leftover chicken, poured oil and sprinkled pepper powder over it (the sauce was translucent and red).",sauce,negative,1
The food was pretty tradional but it was hot and good with large portions.,food,positive,0
"When my husband and go there, we spend $60.00 (have LOBSTER TAILS UMMMMM need I say more) I can't say any more, it a place you'll never forget If you never go, you'll miss A Meal of your life time",LOBSTER TAILS,positive,0
So some of the reviews here are accurate about the crowd and noise.,noise,negative,1
We had the most wonderful waitress.,waitress,positive,0
"The waiters are sweet, the food is tasty and the bill is never too large.",bill,positive,0
"The photobook menu was a cute touch, certainly helped my group and I pick the fried chicken, pork chop, and noodle dishes that we all ordered.",fried chicken,neutral,2
"The blond wood decor is very soothing, the premium sake is excellent and the service is great.",sake,positive,0
Example is the soup which was about 6 oz for $12 dollars and the mushrooms where $12 for about 1oz.,mushrooms,positive,0
"This place has good potential, but needs a significant amount of work before we can justify spending that much money on indian food you can get everywhere else.",money,negative,1
"The food came out wrong, the waiter was no where to be found and the wine showed up at the end of the meal.",wine,negative,1
"As a long-time patron of Mamoun's, I always figured that I had found the best late night food spot in the city.",food spot,positive,0
Incredible food at a very agreable price brings me back just about every other day to this authentic Thai restaurant.,price,positive,0
"There was a long wait for a table outside, but it was a little too hot in the sun anyway so our insde table was very nice.",wait,negative,1
"The red curry is weak and tasteless, the pad thai is stuck together and lumpy, the rice is often overcooked, and the seafood is pretty sketchy.",red curry,negative,1
"For years, I thought Tuscan cuisine was the best, but Salvatore converted me to the hearty Neapolitan fare on my first visit.",Tuscan cuisine,conflict,3
"Three page wine menu, one page entree and horedevous.",horedevous,positive,0
"To finish off such a delightful dinner experience you must have dessert, especially the White Chocolate Bread Pudding with Gelato and hot chocolate.",dessert,positive,0
I must say the view of NYC is so beautiful!,view,positive,0
i recommend the thai popcorn :),thai popcorn,positive,0
Waiters are slow but sweet.,Waiters,conflict,3
"The entree was bland and small, dessert was not inspired.",entree,negative,1
"It is far more popular as a bar than as a restaurant, with only a few tables and the waiter being the bartender, but we greatly enjoyed the unobtrusive atmosphere.",waiter,neutral,2
"if this happens, just ask for real naan.",naan,neutral,2
"However, go for the ambience, and consider the food just a companion for a trip across the world!",ambience,positive,0
"It cannot be the ambience, because the place is very cramped and some guests have to sit in an aisle.",aisle,negative,1
"We are very particular about sushi and were both please with every choice which included: ceviche mix (special), crab dumplings, assorted sashimi, sushi and rolls, two types of sake, and the banana tempura.",sushi,positive,0
"I like Cafe Noir dont get me wrong, it is jsut that the people who work there are evil and incompetent!!",people,negative,1
"An oasis of refinement:  Food, though somewhat uneven, often reaches the pinnacles of new American fine cuisine - chef's passion (and kitchen's precise execution) is most evident in the fish dishes and soups.",chef,positive,0
Great food and the prices are very reasonable.,prices,positive,0
"Each bite of food at Kai was indeed delicious, fresh, and elegant.",food,positive,0
"The calamari comes with an incredible sauce, and the duck noodles are yummy as well.",sauce,positive,0
"First, the waiter who served us neglected to fill us in on the specials, which I would have chosen had I known about them.",waiter,negative,1
"We started with lox and mussels (the best ive ever had, ever) and had the cod and trout for dinner.",trout,neutral,2
"The tables are crammed way too close, the menu is typical of any Italian restaurant, and the wine list is simply overpriced.",menu,neutral,2
Good bagels and good cream cheese.,cream cheese,positive,0
A restaurant that doesn't try to do anything except serve great food with great service in a pleasant atmosphere.,food,positive,0
"Yes, there might be a wait if you have no reservations.",reservations,neutral,2
The place is a BISTRO which means: simple dishes and wine served efficiently in a bustling atmosphere.,wine,positive,0
Their pad penang is delicious and everything else is fantastic.,pad penang,positive,0
"It's also attached to Angel's Share, which is a cool, more romantic bar...",bar,positive,0
But that wasn't the icing on the cake: a tiramisu that resembled nothing I have ever had.,tiramisu,negative,1
"The overall price tag was very very expensive, something I did expect.",price tag,negative,1
"The $300 bill was a bit steep, but the experience was great.",bill,negative,1
The food was actually aweful.,food,negative,1
"So, the menu is written in chalk above your head and it all sounds delicious.",menu,neutral,2
"Over price, and small portions .",price,negative,1
"The only concern i have is with the slighly all-business waitstaff who order and throw the food down, rushing you out.",food,neutral,2
"If you're looking for a place to sit down, have a drink and conversations with friends, go to sweet-n-tart and order yourself a hong-kong styled milk and tea with tapioca pearls (hot).",drink,neutral,2
"I didn't take a look at the rest menu, but the oysters were fantastic.",menu,neutral,2
The waitress suggested glasses of wine that went very well with the food.,waitress,positive,0
I am relatively new to the area and tried Pick a bgel on 2nd and was disappointed with the service and I thought the food was overated and on the pricey side.,service,negative,1
This restaurant is a wonderful place to go many times and it is reasonably priced.,priced,positive,0
I've overheard comments from him to his employees that should not have been delivered in the dining area and I've been sitting there while he lectured another customer.,dining area,neutral,2
They don't seem to place an emphasis on specials or fresh ingredients which to me is necessary for good thai.,ingredients,negative,1
"But don't ever order bacon late at nite (either platter or in sandwiches, for that matter don't from any take out place) as it is from the morning frying turns out hard almost like bacos, hurt my molars.",in sandwiches,negative,1
And at the conclusion of this culinary nightmare the check was given to our table by knocking over a glass of water.,table,neutral,2
This is a cute place and could be good but they need to get their act together.,place,positive,0
They also have a back garden open in the summer - cute and French with outdoor seating - what more could you ask for?,outdoor seating,positive,0
This place must have cost the owners afortune to build.,cost,negative,1
I ordered the crab cocktail and it was soaked in a lime juice concoction where all you could taste was the lime.,lime,neutral,2
"Probably much busier for lunch, it's seldom crowded for dinner (too close to downtown).",lunch,neutral,2
What I didn't like was how the food came right after it was ordered.,food,negative,1
Bartender was unable to tear himself away from friends at bar.,Bartender,negative,1
"To my right, the hostess stood over a busboy and hissed rapido, rapido as he tried to clear and re-set a table for six.",hostess,negative,1
"The decor is vibrant and eye-pleasing with several semi-private boths on the right side of the dining hall, which are great for a date.",semi-private boths,positive,0
We began with the cheese fondue (the artisanal blend) and added apples and kielbasa to dip.,apples,neutral,2
The specials are usually quite good too.,specials,positive,0
We began with the cheese fondue (the artisanal blend) and added apples and kielbasa to dip.,kielbasa,neutral,2
"While the $20 entree range is not overly expensive, in New York City, there is definitely better food in that range, and so Sapphire, despite it's lovely atmosphere, will most likely not be a restaurant to which I will return.",entree range,positive,0
"They have it all -- great price, food, and service.",food,positive,0
Try the Times Square cocktail -- ginger lemonade with vodka (also available without vodka.),ginger lemonade with vodka,positive,0
The bill is approximately $25 for 2 at lunch without drinks.,lunch,neutral,2
Awsome Pizza especially the Margheritta slice.,Pizza,positive,0
Monday nights are a bargain at the $28 prix fix - this includes a three course meal plus *three* glasses of wine paired with each course.,glasses of wine,positive,0
Dinner took almost 4 hours without any lag time.,Dinner,negative,1
Succulent steaks cooked precisely to your desired 'doneness' accompanied by salads and sides that don't look like leafy road kill.,sides,positive,0
"I recommend the garlic shrimp, okra (bindi), and anything with lamb.",lamb,positive,0
"The food is o.k., but not any better than what you get at a good neighborhood restaurant.",food,neutral,2
"Aside from the rushed service, we were very impressed with the food and the drinks.",drinks,positive,0
The miso soup lacked flavor and the fish was unfortunately not as well prepared as in the past.,fish,negative,1
Did I mention the wine?,wine,neutral,2
"You can certainly find restaurants that offer a superior fine dining experience, but for superb food at reasonable prices, La Villa can't be beat.",food,positive,0
less wait time for me!,wait time,positive,0
Also a little more expensive than your average bagel place.,bagel,neutral,2
"Spice is great Thai food, love the inexpensive appetizers.",appetizers,positive,0
The food is so cheap and the waiters are nice.,waiters,positive,0
This is an amazing place to try some roti rolls.,roti rolls,positive,0
Staff is very accomodating.,Staff,positive,0
"To begin, we were told there was a 30 minute wait and started to leave, when the hostess offered to call us on our cell phone when the table was ready.",table,positive,0
Were meeting up with some friends for a drink at Lafayette 161 and happened to walk by Thai Angel famished.,drink,neutral,2
"They sell special sushi, everything have a topping, sauce and etc.",topping,positive,0
"While most people can attest to spending over $50 on drinks in New York bars and hardly feeling a thing, the drinks here are plentiful and unique.",drinks,positive,0
"It's like they took leftover chicken, poured oil and sprinkled pepper powder over it (the sauce was translucent and red).",pepper powder,neutral,2
They came out over cooked and the cheese was almost non existant.,cheese,negative,1
"I haven't eat a lamb chop as delicious as that,the salads are really nice dressed with lemon and extra virgnin olive oil.",lemon,positive,0
"my picks: Guizhou chicken, fish with hot bean source, fish fillet in spicy source (special menu).",fish fillet in spicy source,positive,0
People are always friendly.,People,positive,0
"I must warn the reader that the portions sizes are very small (especially the appetizers), so if you plan to eat until you are full and do not intend to order the chef's special tasting menu, prepare to order and pay for an appetizer (1 dish for each person because the portions are not for sharing), a main entree, and the cold udon at the end of the meal.",menu,positive,0
The fish is fresh and each piece is sliced to perfection and seasoned by the sushi chef (usually with a little fresh wasabi and soy sauce but also sometimes with some sea salt).,sushi chef,positive,0
We visited Bread Bar during January restaurant week and were so pleased with the menu selections and service.,service,positive,0
We didn't get drink refills and she didn't even offer us the option of dessert.,dessert,neutral,2
"If you want some roast duck, pork or chicken on rice with ginger, try them out!",chicken on rice with ginger,positive,0
Their exotic salad is basic ly a delcious little green salad with a peanut sauce that is perfect before their sweet basil fried tofu.,exotic salad,positive,0
We go on Mondays for the prix fixe and our experience with the food has been comparable to Blue Ribbon.,food,neutral,2
This place is worth going even if only for their beer.,beer,positive,0
I have been to spice three times- twice during lunch and once at dinner.,lunch,neutral,2
"The bread is the soft paratha bread (unlike the plain bread they use in Calcutta), and the stuffing is tandoori styled and very flavorful.",bread,negative,1
Kenny the owner is always there and he treats my family like we are part of his family.,owner,positive,0
The secret is the lunch menu which offers a complimentary appetizer with every entree ordered.,entree,positive,0
"Grilled whole fish wonderful, great spicing.",fish,positive,0
Fresh ingredients and everything is made to order.,ingredients,positive,0
"The large selection of bruschettas, paninis, tramezzinis keep the palate from stagnating.",tramezzinis,positive,0
At the end you're left with a mild broth with noodles that you can slurp out of a cup.,broth with noodles,positive,0
If you like spicy food get the chicken vindaloo.,chicken vindaloo,neutral,2
I really loved the different and inovated touch that's the cheff gives to the food.,food,positive,0
"Each table has a pot of boiling water sunken into its surface, and you get platters of thin sliced meats, various vegetables, and rice and glass noodles.",table,neutral,2
Tuk Tuk is one of those comfortable neighborhood joints where you know you will always have a good meal at a fair price.,price,positive,0
"While the room is not particularly comfortable, once you're seated you'll forget about everything except what's on your plate.",room,negative,1
This place has many different styles of pizza and they are all amazing.,styles of pizza,positive,0
"I had the tuna tartare with sake, mushroom ravioli with pinot noir, and the chocolate sampler with a dessert wine for $49.",tuna tartare,positive,0
The wine selection (by the glass and bottle) is wonderful and I always recommend that friends make a reservation if they're going to be in town.,reservation,neutral,2
"The food is wonderful, tasty and filling, and the service is professional and friendly.",food,positive,0
The wine the service was very good too.,service,positive,0
"I had the salmon dish and while it was fine, for the price paid, I expected it to have some type of flavor.",price,neutral,2
"They are tasty, but I suggest only eating one with meat because they tend not to mesh that well with the average American digestive system.",meat,neutral,2
I highly recommend visiting this restaurant and having dinner and drinks!,dinner,positive,0
Although they do the typical what kind of water would you like questions the service was good and overall very relaxing to place to eat.,place,positive,0
We thought that this place is using too much of MSG cooking in the foods.,foods,negative,1
Your money could easily be better spent elsewhere (Anywhere).,money,neutral,2
Once for dinner and once for brunch.,dinner,neutral,2
He offers subpar service and has no personality.,service,negative,1
"Luckily we saved room for the BBQ Salmon, Sea Bass and Crispy Duck.",BBQ Salmon,positive,0
"Anyway, the food is good, the price is right and they have a decent wine list.",food,positive,0
I complete the total bagel experience by having it lightly toasted.,bagel,positive,0
"With so many good restaurants on the UWS, I don't need overpriced food, absurdly arrogant wait-staff who don't recognize they work at a glorified diner, clumsy service, and management that doesn't care.",food,negative,1
"Light, refreshing summer rolls (not fried) remind me of Vietnamese places in Paris.",summer rolls,positive,0
"While we enjoyed the food, we were highly disappointed by the poor service (waiter was not quite competent and SLOW service) and lack of remorse.",food,positive,0
"I had a terrific meal, and our server guided us toward a very nice wine in our price range, instead of allowing us to purchase a similarly priced wine that wasn't as good.",priced,neutral,2
I ordered the crab cocktail and it was soaked in a lime juice concoction where all you could taste was the lime.,crab cocktail,negative,1
It's a nice place to relax and have conversation.,place,positive,0
"Ambience is delightful, service impeccable.",service,positive,0
"The food was not fresh, the sauces were bland and very oily.",food,negative,1
The steak was excellent and one of the best I have had (I tasted the butter intitally but in no way did it overwhelm the flavor of the meat).,flavor,neutral,2
"After 2 tries by the waiter to take it away (we hadn't even looked at it yet, we had full beers yet to drink), the manager approached and told us they needed the table for people with reservations.",waiter,negative,1
We ended the dinner with a surprisingly light and flaky apple tarte tatin.,dinner,neutral,2
Some baby pizzas get their wish.,baby pizzas,neutral,2
From the complimentary chef app of a delicate butternut squash ravioli in a delicious truffle sauce to an amazing buttery and tender langostine entree to a dessert that I can't remember because of the fabulous Cakebread Cabernet we were drinking -- the whole evening was amazing.,Cakebread Cabernet,positive,0
Here's to the fake fish tanks too...,fish tanks,negative,1
"You are paying for the atmosphere, which is nice, but can be had in numerous places in Bay Ridge.",atmosphere,conflict,3
I would highly recommend Nina's to anyone who wants to have a romantic dinner in a heart warming surrounding filled with candles and family pictures.,candles,positive,0
"The combination of fresh tomato sauce, fresh mozz cheese, basil and the dough they make with imported flour, makes this is one of the better pizza's in NY.",pizza,positive,0
Once for dinner and once for brunch.,brunch,neutral,2
"However, looking at the table next to ours, we both sort of wished we had ordered pizza, which looked PERRRRRRRRRFECT.",pizza,positive,0
"Its location is good and the fact that Hutner College is near and their prices are very reasonable, makes students go back to Suan again and again.",location,positive,0
The service was attentive without being overbearing and each dish we tried was wonderful from the spring rolls to the cod with pineapple tempura.,service,positive,0
"Waiters tend to forget drinks completely, food portions are so tiny, two people have trouble sharing one entree.",food portions,negative,1
We also ordered two hot dogs thinking they would be pretty good since there is a whole section on the menu devoted to them.,menu,neutral,2
Traditional French decour was pleasant though the hall was rather noisy - the restaurant was full and we had to raise our voices to be able to maintain a conversation.,hall,negative,1
Stick to the gulab jamun.,gulab jamun,positive,0
"The wine is always good, the tapas are always yummy, especially with the warm pita bread.",tapas,positive,0
"It can be a little confusing as to where one goes to order, but once the food is ordered, you are in for a treat.",food,positive,0
"The service is friendly, if not the most prompt in the world, the food is great, and the prices, while not cheap, won't put your wallet out of commission.",prices,conflict,3
"The first time the sushi was outstanding, the second time it was a little bland.",sushi,conflict,3
Good luck getting a table.,getting a table,negative,1
"After dinner, take your date to the HUGE dance floor, probably one of the biggest you'll see in NY.",dance floor,positive,0
I must say it's a little pricey for the food because it was not as spectacular as the view.,food,negative,1
The buffet had a nice selection.,buffet,positive,0
VT is what baby pizzas hope to be when they grow up.,baby pizzas,neutral,2
Incredible food at a very agreable price brings me back just about every other day to this authentic Thai restaurant.,food,positive,0
"I like the somosas, chai, and the chole, but the dhosas and dhal were kinda dissapointing.",dhal,negative,1
The food was exceptional.,food,positive,0
The rice was poor quality and was cooked so badly it was hard.,cooked,negative,1
"Everything looks great, the drinks, the decor, the food, even the people.",drinks,positive,0
"The food is terrible and overall, I would have to say avoid at all costs.",food,negative,1
"The cafe itself was really nice with comfortable outdoor chairs and tables, but the service could have been better.",tables,positive,0
Tried the pad see ew on the recommendation of the last reviewer since it's one of my favorite dishes.,dishes,positive,0
fine dining restaurant quality.,quality,positive,0
"We were worried we would have trouble getting in, but somehow managed to have a short wait.",wait,positive,0
The wine list is excellent.,wine list,positive,0
"The palak paneer was standard, and I was not a fan of the malai kofta.",palak paneer,neutral,2
What makes this restaurant special are the authentic sichuan cooking and being the only one in NYC that offers authentic chongqing hotpot.,sichuan cooking,positive,0
The food was very well prepared.,food,positive,0
"Besides having the table we had been promised given to other restaurant patrons twice before we were actually seated, we were served dishes we hadn't ordered three times, received one of our orders 20 minutes after the rest of the table had been served (and that order was undercooked), and charged $45 more than we should have been on our bill.",served,negative,1
The banana tower is an amazing dessert as well.,banana tower,positive,0
The staff was too busy ordering sushi for dinner and then laying it out to eat on the bar to even bring me my check.,staff,negative,1
Deliveries often take up to an hour and the prices are higher than most other pizzerias in the area.,Deliveries,negative,1
Thius is a must for anyone who loves Shabu-Shabu.,Shabu-Shabu,positive,0
"Also, the sandwiches (nearing $7) didn't come with anything like chips or a side.",sandwiches,negative,1
"The prices cannot be beat for the quality, quantity, freshness and taste.",prices,positive,0
I ordered a Chicken Teriyaki dish and found that the chicken was extremely dry.,Chicken Teriyaki dish,negative,1
We had a great tiem watching the shows and characters and ar food was just what we were looking for.,characters,positive,0
It is kinda nosiy and the tables are close together but it's still a beautiful place to enjoy a nice dinner.,tables,negative,1
Bartender was unable to tear himself away from friends at bar.,bar,neutral,2
And the Tom Kha soup was pathetic.,Tom Kha soup,negative,1
"It saves walking in and waiting for a table in the often noisy, crowded bar at dinnertime.",bar,negative,1
The place's decor and hidden bathrooms made for a good laugh.,decor,positive,0
The service was attentive and her suggestions of menu items was right on the mark.,service,positive,0
